addon_name,addon_url
1-Click YouTube Video Download,https://addons.mozilla.org/en-US/firefox/addon/1-click-youtube-video-downl/?src=search
Youtube Best Video Downloader 2 - MP3 MP4 1080P,https://addons.mozilla.org/en-US/firefox/addon/youtube-download-mp3-mp4-1080p/?src=search
Download YouTube Videos as MP4,https://addons.mozilla.org/en-US/firefox/addon/download-youtube/?src=search
YouTube High Definition,https://addons.mozilla.org/en-US/firefox/addon/youtube-high-definition/?src=search
YouTube mp3,https://addons.mozilla.org/en-US/firefox/addon/youtube-mp3/?src=search
YouTube Flash Player,https://addons.mozilla.org/en-US/firefox/addon/youtube-flash-player/?src=search
YouTube™ Video and Audio Downloader,https://addons.mozilla.org/en-US/firefox/addon/youtube-video-and-audio-dow/?src=search
YouTube Flash Video Player,https://addons.mozilla.org/en-US/firefox/addon/youtube-flash-video-player/?src=search
AdBlocker for YouTube™,https://addons.mozilla.org/en-US/firefox/addon/adblock-for-youtube/?src=search
YouTube Download,https://addons.mozilla.org/en-US/firefox/addon/youtube-download/?src=search
Easy Youtube Video Downloader Express,https://addons.mozilla.org/en-US/firefox/addon/easy-youtube-video-download/?src=search
Youtube MP3 Podcaster,https://addons.mozilla.org/en-US/firefox/addon/youtube-mp3-podcaster/?src=search
YouTube ALL HTML5,https://addons.mozilla.org/en-US/firefox/addon/youtube-all-html5/?src=search
AdBlocker for YouTube™ Video,https://addons.mozilla.org/en-US/firefox/addon/youtube-adblock/?src=search
Enhancer for YouTube™,https://addons.mozilla.org/en-US/firefox/addon/enhancer-for-youtube/?src=search
Youtube Mp3 Downloader,https://addons.mozilla.org/en-US/firefox/addon/youtube-mp3-downloader/?src=search
Dark YouTube Theme,https://addons.mozilla.org/en-US/firefox/addon/dark-youtube-theme/?src=search
SmartVideo For YouTube,https://addons.mozilla.org/en-US/firefox/addon/smartvideo-for-youtube-mytube/?src=search
Multi YouTube mp3,https://addons.mozilla.org/en-US/firefox/addon/multi-youtube-mp3/?src=search
Simple YouTube to MP3/MP4 Converter and Downloader,https://addons.mozilla.org/en-US/firefox/addon/simple-youtube-converter/?src=search
YouTube Video Download & Convert,https://addons.mozilla.org/en-US/firefox/addon/youtube-video-download-convert/?src=search
YouTube Video Player Speed,https://addons.mozilla.org/en-US/firefox/addon/youtube-video-player-speed/?src=search
Simple YouTube MP3 Button,https://addons.mozilla.org/en-US/firefox/addon/simple-youtube-mp3-button/?src=search
YouTube™ Flash-HTML5,https://addons.mozilla.org/en-US/firefox/addon/youtube-flash-html5/?src=search
Magic Actions for YouTube™,https://addons.mozilla.org/en-US/firefox/addon/magic-actions-for-youtube/?src=search
YouTube™ Downloader Lite,https://addons.mozilla.org/en-US/firefox/addon/youtube-downloader-lite/?src=search
Easiest YouTube Video Downloader,https://addons.mozilla.org/en-US/firefox/addon/easiest-youtube-video-downl/?src=search
YouTube Plus,https://addons.mozilla.org/en-US/firefox/addon/youtube-plus/?src=search
YouTube HD Plus,https://addons.mozilla.org/en-US/firefox/addon/youtube-hd-plus/?src=search
Complete YouTube Saver,https://addons.mozilla.org/en-US/firefox/addon/complete-youtube-saver/?src=search
YouTube™ Control Center,https://addons.mozilla.org/en-US/firefox/addon/youtube-control-center/?src=search
YouTube Auto Replay,https://addons.mozilla.org/en-US/firefox/addon/youtube-auto-replay-11636/?src=search
VLC Youtube Shortcut,https://addons.mozilla.org/en-US/firefox/addon/vlc-youtube-shortcut/?src=search
Flash Player for YouTube™,https://addons.mozilla.org/en-US/firefox/addon/flash-player-for-youtube/?src=search
Youtube Unblock,https://addons.mozilla.org/en-US/firefox/addon/youtube-unblock/?src=search
Youtube  Downloader mp3,https://addons.mozilla.org/en-US/firefox/addon/youtube-downloader-mp3/?src=search
YouTube Enhancer Plus,https://addons.mozilla.org/en-US/firefox/addon/youtube-enhancer-plus/?src=search
YouTube Caption Downloader,https://addons.mozilla.org/en-US/firefox/addon/youtube-caption-downloader/?src=search
YouTube Video Downloader - For Context Menu,https://addons.mozilla.org/en-US/firefox/addon/youtube-video-downloader-for-c/?src=search
YouTube HTML5 Player,https://addons.mozilla.org/en-US/firefox/addon/youtube-html5-player/?src=search
HTML5 Player for YouTube™,https://addons.mozilla.org/en-US/firefox/addon/html5-player-for-youtube/?src=search
YouTube Video Player Preview,https://addons.mozilla.org/en-US/firefox/addon/youtube-video-player-preview/?src=search
YouTube IT,https://addons.mozilla.org/en-US/firefox/addon/youtube-it-11262/?src=search
Youtube to MP3 Converter,https://addons.mozilla.org/en-US/firefox/addon/youtube-to-mp3-converter2/?src=search
HTML5 YouTube Everywhere,https://addons.mozilla.org/en-US/firefox/addon/html5-youtube-everywhere/?src=search
YouTube to MP3 Converter,https://addons.mozilla.org/en-US/firefox/addon/youtube-to-mp3-converter-ytmp3/?src=search
YouTube Anywhere Player,https://addons.mozilla.org/en-US/firefox/addon/youtube-anywhere-player/?src=search
YouTube HTML5 Video,https://addons.mozilla.org/en-US/firefox/addon/youtube-html5-video/?src=search
YouTube™ Switch to Flash® Player,https://addons.mozilla.org/en-US/firefox/addon/youtube-all-flash-player/?src=search
Dark Theme for YouTube™,https://addons.mozilla.org/en-US/firefox/addon/youtube-dark/?src=search
No YouTube comments,https://addons.mozilla.org/en-US/firefox/addon/no-youtube-comments/?src=search
Search in YouTube,https://addons.mozilla.org/en-US/firefox/addon/search-in-youtube/?src=search
YouTube Video Player Pop Out,https://addons.mozilla.org/en-US/firefox/addon/youtube-video-player-pop-out/?src=search
TweakTube - YouTube Enhancer / Video Downloader,https://addons.mozilla.org/en-US/firefox/addon/tweaktube-youtube-enhancer-vid/?src=search
YouTube use Flash Player,https://addons.mozilla.org/en-US/firefox/addon/youtube-use-flash-player/?src=search
YouTube Video AdBlocker,https://addons.mozilla.org/en-US/firefox/addon/youtube-video-adblocke/?src=search
Simple Youtube HTML5 Video Player,https://addons.mozilla.org/en-US/firefox/addon/youtube-html5-video-player/?src=search
"YouTube in HD (720p, 1080p, 1440p, 2160p)",https://addons.mozilla.org/en-US/firefox/addon/youtube-hd-1/?src=search
Dark Purple Youtube Theme,https://addons.mozilla.org/en-US/firefox/addon/youtube-dark-purple/?src=search
Youtube Video Download,https://addons.mozilla.org/en-US/firefox/addon/youtube-video-download/?src=search
YouTube no Buffer (no autoplay),https://addons.mozilla.org/en-US/firefox/addon/youtube-no-buffer-autoplay/?src=search
Panel for YouTube™,https://addons.mozilla.org/en-US/firefox/addon/youtube-panel/?src=search
YouTube Cinema  Mode,https://addons.mozilla.org/en-US/firefox/addon/youtube-cinema-mode-2/?src=search
Ratings Preview for YouTube™,https://addons.mozilla.org/en-US/firefox/addon/youtube-ratings-preview/?src=search
Youtube Unblock VPN,https://addons.mozilla.org/en-US/firefox/addon/youtube-unblock-vpn/?src=search
YouTube Stop AutoPlay Next,https://addons.mozilla.org/en-US/firefox/addon/stop-autoplay-next-for-youtube/?src=search
Youtube Repeat,https://addons.mozilla.org/en-US/firefox/addon/youtube-repeat/?src=search
Youtube Subtitle Downloader,https://addons.mozilla.org/en-US/firefox/addon/youtube-subtitle-downloader/?src=search
YouTube HTML5 Switch,https://addons.mozilla.org/en-US/firefox/addon/youtube-html5-switch/?src=search
Potplayer Youtube Shortcut,https://addons.mozilla.org/en-US/firefox/addon/potplayer-youtube-shortcut/?src=search
YouTube Download Plus,https://addons.mozilla.org/en-US/firefox/addon/youtube-download-plus/?src=search
YouTube Repeater,https://addons.mozilla.org/en-US/firefox/addon/youtube-repeater/?src=search
YouTube Unblocker Plus,https://addons.mozilla.org/en-US/firefox/addon/youtube-unblocker-plus/?src=search
YouTube without DASH Playback (fully buffer),https://addons.mozilla.org/en-US/firefox/addon/youtube-without-dash-playback/?src=search
Youtube's Annotations No More,https://addons.mozilla.org/en-US/firefox/addon/youtubes-annotations-no-more/?src=search
Youtube Subscriptions Grid,https://addons.mozilla.org/en-US/firefox/addon/better-youtube-subscription/?src=search
ProxTube - Unblock YouTube,https://addons.mozilla.org/en-US/firefox/addon/proxtube/?src=search
YouTube Embed2Link,https://addons.mozilla.org/en-US/firefox/addon/youtube-embed2link/?src=search
Youtube netPlayed Plugin,https://addons.mozilla.org/en-US/firefox/addon/youtube-netplayed-plugin/?src=search
Everplex YouTube Dark Black Theme,https://addons.mozilla.org/en-US/firefox/addon/everplex-youtube-dark-black/?src=search
Pop-up Youtube Video,https://addons.mozilla.org/en-US/firefox/addon/pop-up-youtube-video/?src=search
Flash Video Downloader - YouTube HD Download [4K],https://addons.mozilla.org/en-US/firefox/addon/flash-video-downloader/?src=search
Simple Youtube Popup,https://addons.mozilla.org/en-US/firefox/addon/simple-youtube-popup/?src=search
Convert2MP3 - YouTube to mp3,https://addons.mozilla.org/en-US/firefox/addon/convert2mp3-youtube-to-mp3/?src=search
YouTube Bulk Player Mate,https://addons.mozilla.org/en-US/firefox/addon/youtube-bulk-player-mate/?src=search
Youtube Downloader & Converter MP3,https://addons.mozilla.org/en-US/firefox/addon/youtube-download-mp3/?src=search
Youtube Flash Switch,https://addons.mozilla.org/en-US/firefox/addon/youtube-flash-switch/?src=search
YouTube MP3,https://addons.mozilla.org/en-US/firefox/addon/youtube-mp3-org/?src=search
Youtube Tooltip,https://addons.mozilla.org/en-US/firefox/addon/youtube-tooltip/?src=search
Youtube design and style,https://addons.mozilla.org/en-US/firefox/addon/youtube-design-et-style/?src=search
Auto Pause|Stop for YouTube™,https://addons.mozilla.org/en-US/firefox/addon/youtube-auto-pausestop/?src=search
Auto HD|LQ for YouTube™,https://addons.mozilla.org/en-US/firefox/addon/youtube-auto-hd-lq/?src=search
Youtube To Mp3 / Mp4 Downloader,https://addons.mozilla.org/en-US/firefox/addon/youtube-to-mp3-addon/?src=search
YouTube Advertisement Blocker,https://addons.mozilla.org/en-US/firefox/addon/youtube-advertisement-blocker/?src=search
Floating Panel for YouTube™,https://addons.mozilla.org/en-US/firefox/addon/floating-panel-for-youtube/?src=search
Simple Youtube Repeater,https://addons.mozilla.org/en-US/firefox/addon/simple-youtube-repeater/?src=search
YouTube Cinema,https://addons.mozilla.org/en-US/firefox/addon/youtube-cinema/?src=search
YouTube No Annotations,https://addons.mozilla.org/en-US/firefox/addon/youtube-no-annotations/?src=search
Dark Theme for YouTube™,https://addons.mozilla.org/en-US/firefox/addon/dark-theme-for-youtube/?src=search
Better YouTube,https://addons.mozilla.org/en-US/firefox/addon/better-youtube/?src=search
GoogleTube - YouTube Player,https://addons.mozilla.org/en-US/firefox/addon/googletube-youtube-player/?src=search
YouTube Auto Replay,https://addons.mozilla.org/en-US/firefox/addon/youtube-auto-replay/?src=search
Youtube Dark Mode,https://addons.mozilla.org/en-US/firefox/addon/youtube-dark-mode/?src=search
Youtube Ratings Preview,https://addons.mozilla.org/en-US/firefox/addon/youtube-bogus-remover/?src=search
Search YouTube For This,https://addons.mozilla.org/en-US/firefox/addon/search-youtube-for-this/?src=search
Theater Mode for YouTube™ (YouTube Wide Screen),https://addons.mozilla.org/en-US/firefox/addon/theater-mode-for-youtube/?src=search
YouTube Player AdBlocker,https://addons.mozilla.org/en-US/firefox/addon/youtube-player-adblocker/?src=search
Youtube Downloader 4K - Video Downloader,https://addons.mozilla.org/en-US/firefox/addon/media-downloader/?src=search
YouTube™ Anywhere,https://addons.mozilla.org/en-US/firefox/addon/youtube-anywhere/?src=search
Ageless for YouTube,https://addons.mozilla.org/en-US/firefox/addon/ageless/?src=search
Youtube Zero Annotations,https://addons.mozilla.org/en-US/firefox/addon/youtube-zero-annotations/?src=search
YouTube Hits,https://addons.mozilla.org/en-US/firefox/addon/youtube-hits/?src=search
Search on YouTube,https://addons.mozilla.org/en-US/firefox/addon/search-on-youtube-context-menu/?src=search
YouTube a MP3,https://addons.mozilla.org/en-US/firefox/addon/youtube-a-mp3/?src=search
Google Plus Youtube Playlist,https://addons.mozilla.org/en-US/firefox/addon/google-plus-youtube-playlis/?src=search
Auto Loop for YouTube™,https://addons.mozilla.org/en-US/firefox/addon/auto-loop-for-youtube/?src=search
OwlZoom for Youtube Videos,https://addons.mozilla.org/en-US/firefox/addon/owlzoom-youtube/?src=search
Youtube and more – Easy Video Downloader,https://addons.mozilla.org/en-US/firefox/addon/video-downloader-pure/?src=search
Youtube AgeRestriction Unblocker,https://addons.mozilla.org/en-US/firefox/addon/youtube-agerestriction-unblock/?src=search
The Best YouTube Downloader,https://addons.mozilla.org/en-US/firefox/addon/the-best-youtube-downloader/?src=search
Youtube 2 KODI,https://addons.mozilla.org/en-US/firefox/addon/youtube-2-kodi/?src=search
YouTube comments remover,https://addons.mozilla.org/en-US/firefox/addon/youtube-comments-remover/?src=search
YouTube Audio Sync Tool,https://addons.mozilla.org/en-US/firefox/addon/youtube-audio-sync-tool/?src=search
YouTube MP3 downloader by GreenMP3,https://addons.mozilla.org/en-US/firefox/addon/youtube-mp3-download-greenmp3/?src=search
YouTube™ Stop Button,https://addons.mozilla.org/en-US/firefox/addon/youtube-stop-button/?src=search
Easy YouTube to MP3 Converter,https://addons.mozilla.org/en-US/firefox/addon/easy-youtube-to-mp3-converter/?src=search
YouTube toggle Flash and HTML,https://addons.mozilla.org/en-US/firefox/addon/youtube-toggle-flash-and-html/?src=search
Herp Derp for YouTube™,https://addons.mozilla.org/en-US/firefox/addon/herp-derp-for-youtube/?src=search
Youtube Audio,https://addons.mozilla.org/en-US/firefox/addon/youtube-audio/?src=search
"Easy YouTube Theme Maker, Easy,Fast And Simple",https://addons.mozilla.org/en-US/firefox/addon/easy-youtube-theme-maker-easyf/?src=search
Youtube Thumbnailer,https://addons.mozilla.org/en-US/firefox/addon/youtube-thumbnailer/?src=search
Youtube Ad Auto-skipper,https://addons.mozilla.org/en-US/firefox/addon/youtube-ad-auto-skipper/?src=search
YouTube auto Pause and Resume,https://addons.mozilla.org/en-US/firefox/addon/youtube-auto-pause-and-resume/?src=search
Super YouTube Theme Maker,https://addons.mozilla.org/en-US/firefox/addon/super-youtube-theme-maker/?src=search
Anticipation for YouTube and Twitch,https://addons.mozilla.org/en-US/firefox/addon/anticipation-for-youtube/?src=search
Auto Replay For Youtube,https://addons.mozilla.org/en-US/firefox/addon/auto-replay-for-youtube/?src=search
Youtube disable lightsaber sound,https://addons.mozilla.org/en-US/firefox/addon/youtube-disable-lightsaber-sou/?src=search
Youtube Subscription Checker,https://addons.mozilla.org/en-US/firefox/addon/youtube-subscription-checker/?src=search
Preview YouTube,https://addons.mozilla.org/en-US/firefox/addon/pop-youtube/?src=search
Cool Youtube Lyrics,https://addons.mozilla.org/en-US/firefox/addon/cool-youtube-lyrics/?src=search
YouTube Keyword Filter,https://addons.mozilla.org/en-US/firefox/addon/youtube-filter/?src=search
Youtube-Channel Whitelister for Adblock Plus,https://addons.mozilla.org/en-US/firefox/addon/youtube-channel-whitelister-fo/?src=search
YouTube on Hover Preview,https://addons.mozilla.org/en-US/firefox/addon/youtube-on-hover/?src=search
ALLYouTubeDownloader,https://addons.mozilla.org/en-US/firefox/addon/youtube-to-allplayer/?src=search
Hide YouTube fullscreen controls,https://addons.mozilla.org/en-US/firefox/addon/hide-youtube-controls/?src=search
Youtube-mp3.to Video to Mp3 Converter,https://addons.mozilla.org/en-US/firefox/addon/youtube-video-to-mp3-converter/?src=search
Youtube mp3 for Android,https://addons.mozilla.org/en-US/firefox/addon/youtube-mp3-for-android/?src=search
convert2mp3.net Online YouTube to MP3 Converter,https://addons.mozilla.org/en-US/firefox/addon/youtube2mp3-converter/?src=search
Youtube SpacePauseify,https://addons.mozilla.org/en-US/firefox/addon/youtube-spacepauseify/?src=search
Youtube Remote Control,https://addons.mozilla.org/en-US/firefox/addon/youtube-remote-control/?src=search
YouTube to Mp3 Converter fuzna,https://addons.mozilla.org/en-US/firefox/addon/youtube-to-mp3-converter-fuzna/?src=search
Download with youtube-dl,https://addons.mozilla.org/en-US/firefox/addon/download-with-youtube-dl/?src=search
Popular Videos for YouTube™,https://addons.mozilla.org/en-US/firefox/addon/youtube-most-popular/?src=search
Youtube Watchmarker,https://addons.mozilla.org/en-US/firefox/addon/yourect/?src=search
YouTube MP4 Downloader,https://addons.mozilla.org/en-US/firefox/addon/youtube-mp4-downloader/?src=search
Media Player for YouTube™,https://addons.mozilla.org/en-US/firefox/addon/media-player/?src=search
Remove YouTube Recommendeds,https://addons.mozilla.org/en-US/firefox/addon/remove-youtube-recommendeds/?src=search
Uid Youtube+,https://addons.mozilla.org/en-US/firefox/addon/uid-youtube/?src=search
Youtube Age Unrestrictor,https://addons.mozilla.org/en-US/firefox/addon/no-age-limit/?src=search
YouTube 2 Player,https://addons.mozilla.org/en-US/firefox/addon/yt2player/?src=search
YouTube™ Video AdBlocker,https://addons.mozilla.org/en-US/firefox/addon/video-adblocker/?src=search
YouTube Tooltip & Notification,https://addons.mozilla.org/en-US/firefox/addon/youtube-tooltip-notification/?src=search
YouTube Popup Panel,https://addons.mozilla.org/en-US/firefox/addon/youtube-popup-panel/?src=search
ListenOnRepeat Youtube Video Repeater,https://addons.mozilla.org/en-US/firefox/addon/listenonrepeat/?src=search
Responsive YouTube in theater mode,https://addons.mozilla.org/en-US/firefox/addon/responsive-youtube-theater/?src=search
Youtube Watch And Read,https://addons.mozilla.org/en-US/firefox/addon/youtube-watch-and-read/?src=search
Youtube Fitting Mode,https://addons.mozilla.org/en-US/firefox/addon/youtube-fitting-mode/?src=search
Youtube MP3 Downloader using youtube-mp3.org,https://addons.mozilla.org/en-US/firefox/addon/youtube-hq-mp3-downloader/?src=search
Stripped YouTube,https://addons.mozilla.org/en-US/firefox/addon/stripped-youtube/?src=search
Youtube controller,https://addons.mozilla.org/en-US/firefox/addon/simple-youtube-controller/?src=search
YouTube Never Autoplay,https://addons.mozilla.org/en-US/firefox/addon/youtube-never-autoplay/?src=search
YouTube Views Facts,https://addons.mozilla.org/en-US/firefox/addon/youtube-views-facts/?src=search
YouTube Subscriptions Filter,https://addons.mozilla.org/en-US/firefox/addon/youtube-subscriptions-filter/?src=search
FireTube (Youtube Music Player),https://addons.mozilla.org/en-US/firefox/addon/firetube/?src=search
NetVideoHunter,https://addons.mozilla.org/en-US/firefox/addon/netvideohunter-video-downloade/?src=search
YouTube Bypass,https://addons.mozilla.org/en-US/firefox/addon/youtube-bypass/?src=search
Float View for Youtube.,https://addons.mozilla.org/en-US/firefox/addon/pop-up-play/?src=search
Black Youtube Theme,https://addons.mozilla.org/en-US/firefox/addon/black-youtube-theme/?src=search
Skip Like And Go To YouTube,https://addons.mozilla.org/en-US/firefox/addon/skip-like-and-go-to-youtube/?src=search
Youtube Feed Cleaner,https://addons.mozilla.org/en-US/firefox/addon/youtubefeedcleaner/?src=search
Lyrics Here by Rob W,https://addons.mozilla.org/en-US/firefox/addon/youtube-lyrics-by-rob-w/?src=search
YouTube Notes,https://addons.mozilla.org/en-US/firefox/addon/youtube-notes/?src=search
PointMp3 | Download youtube to mp3,https://addons.mozilla.org/en-US/firefox/addon/pointmp3/?src=search
RapidShare DownloadHelper,https://addons.mozilla.org/en-US/firefox/addon/rapidshare-downloadhelper/?src=search
Listen To Youtube,https://addons.mozilla.org/en-US/firefox/addon/listen-to-youtube/?src=search
Sidebar for YouTube™,https://addons.mozilla.org/en-US/firefox/addon/youtubetm-sidebar/?src=search
Reddit on Youtube,https://addons.mozilla.org/en-US/firefox/addon/reddit-on-youtube/?src=search
Youtube colorless dark mode,https://addons.mozilla.org/en-US/firefox/addon/youtube-colorless-dark-mode/?src=search
Youtube Letöltés és konvertálás,https://addons.mozilla.org/en-US/firefox/addon/youtube-let%C3%B6lt%C3%A9s/?src=search
Youtube To MP3 PRO,https://addons.mozilla.org/en-US/firefox/addon/youtube-to-mp3-pro/?src=search
YouTube video quality manager,https://addons.mozilla.org/en-US/firefox/addon/youtube-quality-manager/?src=search
Search Youtube-Right Click Menu,https://addons.mozilla.org/en-US/firefox/addon/right-click-search-youtube/?src=search
YouTube MP3 Downloader using youtube-download.net,https://addons.mozilla.org/en-US/firefox/addon/youtube-mp3-mp4-downloader/?src=search
Youtube Cherry Mode,https://addons.mozilla.org/en-US/firefox/addon/youtube-cherry-mode/?src=search
NextVid Stopper for YouTube,https://addons.mozilla.org/en-US/firefox/addon/nextvid-stopper-for-youtube/?src=search
Youtube video link creator for forum.0day.kiev.ua,https://addons.mozilla.org/en-US/firefox/addon/youtube-video-link-creator-/?src=search
YouTube MP3 Download,https://addons.mozilla.org/en-US/firefox/addon/youtube-mp3-download/?src=search
YouTube,https://addons.mozilla.org/en-US/firefox/addon/youtube-10423/?src=search
Free Search & Youtube HD Video Downloader FREE,https://addons.mozilla.org/en-US/firefox/addon/djamolgroup/?src=search
1-Click Dailymotion Video Download,https://addons.mozilla.org/en-US/firefox/addon/1-click-dailymotion-video-d/?src=search
Youtube2Audio,https://addons.mozilla.org/en-US/firefox/addon/youtube2audio/?src=search
YouTube Downloader and Converter,https://addons.mozilla.org/en-US/firefox/addon/youtube-downloader-and-convert/?src=search
YouTube Approval Rating,https://addons.mozilla.org/en-US/firefox/addon/youtube-approval-rating/?src=search
YouTube Grid Search and Preview Player,https://addons.mozilla.org/en-US/firefox/addon/gridtube/?src=search
Stop YouTube Autoplay,https://addons.mozilla.org/en-US/firefox/addon/stop-youtube-autoplay/?src=search
YouTube Enhance for Google Search,https://addons.mozilla.org/en-US/firefox/addon/youtube-enhance-for-google-sea/?src=search
Youtube Replay (YT-Replay Magic),https://addons.mozilla.org/en-US/firefox/addon/ytreplay/?src=search
YouTube (SSL),https://addons.mozilla.org/en-US/firefox/addon/youtube-ssl/?src=search
Youtube Downloader (Mp3|Mp4),https://addons.mozilla.org/en-US/firefox/addon/youtube-downloader-mp3mp4/?src=search
"Download Youtube Videos HD 1080p, Megavideo, Dailymotion, Vimeo, Metacafe, etc.",https://addons.mozilla.org/en-US/firefox/addon/download-youtube-videos-hd-/?src=search
YouTube Downloader For Android,https://addons.mozilla.org/en-US/firefox/addon/youtube-downloader-for-android/?src=search
"Google Translator, Dictionary and YouTube Search",https://addons.mozilla.org/en-US/firefox/addon/googletranslator-dictionary/?src=search
Download Youtube  Video,https://addons.mozilla.org/en-US/firefox/addon/download-youtube-now/?src=search
Youtube™ Search,https://addons.mozilla.org/en-US/firefox/addon/youtube-search-1/?src=search
OpinionCloud (for YouTube & Flickr),https://addons.mozilla.org/en-US/firefox/addon/opinioncloud-for-youtube-flick/?src=search
Good Old YouTube Downloader,https://addons.mozilla.org/en-US/firefox/addon/good-old-youtube-downloader/?src=search
ScrewAds Plus for YouTube,https://addons.mozilla.org/en-US/firefox/addon/screwads-plus-for-youtube/?src=search
Youtube Url Converter,https://addons.mozilla.org/en-US/firefox/addon/youtube-url-converter/?src=search
YouTube Converter,https://addons.mozilla.org/en-US/firefox/addon/youtube-converter/?src=search
Video Mouse Wheel,https://addons.mozilla.org/en-US/firefox/addon/youtube-mouse-wheel/?src=search
Youtube downloader pro,https://addons.mozilla.org/en-US/firefox/addon/youtube-downloader-pro/?src=search
Download Videos From YouTube,https://addons.mozilla.org/en-US/firefox/addon/download-videos-from-youtube/?src=search
Glydo Related YouTube Videos - Get and Share Video Clips Relevant to Your Web Browsing,https://addons.mozilla.org/en-US/firefox/addon/glydo-related-youtube-videos-g/?src=search
YouTube Videos Download in one click,https://addons.mozilla.org/en-US/firefox/addon/youtube-videos-in-one-click/?src=search
Youtube to audio converter,https://addons.mozilla.org/en-US/firefox/addon/youtube-to-mp3-convert/?src=search
No need flash plugin on embeded youtube movies,https://addons.mozilla.org/en-US/firefox/addon/no-need-flash-plugin-on-embede/?src=search
Simple YouTube MP3,https://addons.mozilla.org/en-US/firefox/addon/simple-youtube-mp3/?src=search
Video Thumbs for Youtube,https://addons.mozilla.org/en-US/firefox/addon/yt-video-thumbs/?src=search
Convert YouTube to MP3,https://addons.mozilla.org/en-US/firefox/addon/convert-youtube-to-mp3/?src=search
Youtube Video Downloader (Multiformat),https://addons.mozilla.org/en-US/firefox/addon/youtube-video-downloader-mu/?src=search
YouTube Two Action Bars in One Bar,https://addons.mozilla.org/en-US/firefox/addon/youtube-two-action-bars-in-one/?src=search
Best Youtube Mp3 Download,https://addons.mozilla.org/en-US/firefox/addon/best-youtube-mp3-download/?src=search
YouTube MP3 Downloader for Firefox,https://addons.mozilla.org/en-US/firefox/addon/youtube-mp3-downloader-for-fir/?src=search
Youtube Video Preview,https://addons.mozilla.org/en-US/firefox/addon/youtube-video-preview/?src=search
Youtube playlist converter to MP3,https://addons.mozilla.org/en-US/firefox/addon/youtube-playlist-converter-/?src=search
x-MuZiC.cOm / YouTube mp3,https://addons.mozilla.org/en-US/firefox/addon/x-muzic/?src=search
Audio-Only Youtube,https://addons.mozilla.org/en-US/firefox/addon/audioonlyyoutube/?src=search
Youtube AutoPlay Stopper,https://addons.mozilla.org/en-US/firefox/addon/youtube-autoplay-stopper/?src=search
Télécharger YouTube MP3,https://addons.mozilla.org/en-US/firefox/addon/t%C3%A9l%C3%A9charger-youtube-mp3/?src=search
Working YouTube Video Downloader,https://addons.mozilla.org/en-US/firefox/addon/working-youtube-video-downl/?src=search
FloatYoutube,https://addons.mozilla.org/en-US/firefox/addon/floatyoutube/?src=search
Search Youtube,https://addons.mozilla.org/en-US/firefox/addon/search-youtube/?src=search
WonTube YouTube to MP3 YouTube Downloader,https://addons.mozilla.org/en-US/firefox/addon/wontube-free-youtube-to-mp3/?src=search
Youtube to MP3 Plugin,https://addons.mozilla.org/en-US/firefox/addon/youtube-to-mp3-plugin/?src=search
Skipity,https://addons.mozilla.org/en-US/firefox/addon/skipity/?src=search
YouTube MP3 Easy Downloader,https://addons.mozilla.org/en-US/firefox/addon/youtube-mp3-easy-downloader/?src=search
Comment Snob,https://addons.mozilla.org/en-US/firefox/addon/youtube-comment-snob/?src=search
Youtube Downloader Gold,https://addons.mozilla.org/en-US/firefox/addon/youtube-downloader-gold/?src=search
My Youtube™,https://addons.mozilla.org/en-US/firefox/addon/my-youtube/?src=search
YouTube MP4,https://addons.mozilla.org/en-US/firefox/addon/youtube-mp4/?src=search
ext-youtube,https://addons.mozilla.org/en-US/firefox/addon/ext-youtube/?src=search
YouTube - All-in-one Internet Search (SSL & TLS),https://addons.mozilla.org/en-US/firefox/addon/internet-search-youtube/?src=search
Youtube to mp3 converter - AudioThief.com,https://addons.mozilla.org/en-US/firefox/addon/youtube-to-mp3-converter-at/?src=search
YouTube Video Download Links,https://addons.mozilla.org/en-US/firefox/addon/youtube-video-download-links/?src=search
YouTube MP3 Downloader using youtube-download.org,https://addons.mozilla.org/en-US/firefox/addon/youtube-to-mp3-downloader/?src=search
YouTube Object2iframe,https://addons.mozilla.org/en-US/firefox/addon/youtube-object2iframe/?src=search
Youtube to MP3 Converter Free,https://addons.mozilla.org/en-US/firefox/addon/youtube-to-mp3-converter-free/?src=search
YouTube MP3 Converter,https://addons.mozilla.org/en-US/firefox/addon/youtube-mp3-converter-1/?src=search
FullRip.net Youtube Mp3 converter/Video downloader,https://addons.mozilla.org/en-US/firefox/addon/fullripnet-youtube-video-mp3/?src=search
Youtube Comment Blocker,https://addons.mozilla.org/en-US/firefox/addon/youtube-comment-blocker/?src=search
Youtube.com player Resize,https://addons.mozilla.org/en-US/firefox/addon/youtubecom-player-resize/?src=search
MegaUpload DownloadHelper,https://addons.mozilla.org/en-US/firefox/addon/megaupload-downloadhelper/?src=search
Youtube to MP3 Converter - Xenra.com,https://addons.mozilla.org/en-US/firefox/addon/youtube-to-mp3-xenra/?src=search
Disable Youtube HTML5 Player,https://addons.mozilla.org/en-US/firefox/addon/disable-youtube-html5-player/?src=search
YT.fm YouTube Scrobbler,https://addons.mozilla.org/en-US/firefox/addon/ytfm-youtube-scrobbler/?src=search
Youtube Convertor 3,https://addons.mozilla.org/en-US/firefox/addon/youtube-convertor-3/?src=search
Subscribers on comments for YouTube™,https://addons.mozilla.org/en-US/firefox/addon/subscribers-on-comments/?src=search
VidConv Downloader for YouTube,https://addons.mozilla.org/en-US/firefox/addon/vidconv-downloader-for-youtube/?src=search
yaBeat - YouTube to MP3,https://addons.mozilla.org/en-US/firefox/addon/yabeat-youtube-to-mp3/?src=search
"Search YouTube, Yahoo, MySpace Videos and More!",https://addons.mozilla.org/en-US/firefox/addon/search-youtube-101-other-video/?src=search
YouTube converter to mp3 online,https://addons.mozilla.org/en-US/firefox/addon/youtube-converter-to-mp3-onlin/?src=search
Telekom YouTube Turbo - lädt Videos schneller,https://addons.mozilla.org/en-US/firefox/addon/telekom-youtube-turbo/?src=search
Lenzbin Youtube,https://addons.mozilla.org/en-US/firefox/addon/lenzbin-youtube/?src=search
Dream YouTube Downloader,https://addons.mozilla.org/en-US/firefox/addon/dream-youtube-downloader/?src=search
YouTube tools,https://addons.mozilla.org/en-US/firefox/addon/youtube-tools/?src=search
Youtube to Mp3 | Mp3Grabby,https://addons.mozilla.org/en-US/firefox/addon/youtube-to-mp3-mp3grabby/?src=search
GTriddim Youtube To MP3 converter,https://addons.mozilla.org/en-US/firefox/addon/gtriddim-youtube-to-mp3/?src=search
YouTube SideBar Player,https://addons.mozilla.org/en-US/firefox/addon/youtube-sidebar-player/?src=search
YouTube Videos Auto High Definition 1080p (HD),https://addons.mozilla.org/en-US/firefox/addon/youtube-videos-auto-high-defin/?src=search
YouTube Animated Thumbnails,https://addons.mozilla.org/en-US/firefox/addon/youtube-animated-thumbnails/?src=search
Disable Youtube™ HTML5 Player,https://addons.mozilla.org/en-US/firefox/addon/disable-youtube-html5-play/?src=search
Mejor YouTube,https://addons.mozilla.org/en-US/firefox/addon/mejoryoutube/?src=search
Youtube Ratings,https://addons.mozilla.org/en-US/firefox/addon/youtube-rating/?src=search
Youtube redirect page remover,https://addons.mozilla.org/en-US/firefox/addon/youtube-redirect-page-remover/?src=search
HQ Youtube MP3 Downloader,https://addons.mozilla.org/en-US/firefox/addon/hq-youtube-mp3-downloader/?src=search
Pelicula Youtube,https://addons.mozilla.org/en-US/firefox/addon/pelicula-youtube/?src=search
Disable Youtube Autoplay,https://addons.mozilla.org/en-US/firefox/addon/disable-youtube-autoplay/?src=search
Youbeatz.net- YouTube to MP3 Converter Online,https://addons.mozilla.org/en-US/firefox/addon/youtube2mp3-converter-online/?src=search
YouTube to MP3 Free Converter,https://addons.mozilla.org/en-US/firefox/addon/321youtube/?src=search
YouTube Button,https://addons.mozilla.org/en-US/firefox/addon/youtubebutton/?src=search
Youtube NO-autoplay,https://addons.mozilla.org/en-US/firefox/addon/youtube-no-autoplay/?src=search
YouTube Videos Auto High Definition 720p (HD),https://addons.mozilla.org/en-US/firefox/addon/youtube-videos-auto-high-de-1/?src=search
From Youtube To MP3,https://addons.mozilla.org/en-US/firefox/addon/from-youtube-to-mp3/?src=search
Easy YouTube MP3 Downloader,https://addons.mozilla.org/en-US/firefox/addon/easy-youtube-mp3-downloader/?src=search
YouTube video auto-replay!,https://addons.mozilla.org/en-US/firefox/addon/youtube-video-replay-1/?src=search
YouTube mp3 Converter.,https://addons.mozilla.org/en-US/firefox/addon/youtube-mp3-converter/?src=search
Youtube subscriptioner,https://addons.mozilla.org/en-US/firefox/addon/youtube-subscriptioner/?src=search
YouTube - Now Playing Notifications,https://addons.mozilla.org/en-US/firefox/addon/youtube-now-playing-notific/?src=search
Privacy +,https://addons.mozilla.org/en-US/firefox/addon/privacy/?src=search
Hbomb YouTube Censorship Addon,https://addons.mozilla.org/en-US/firefox/addon/hbomb-youtube-censorship-addon/?src=search
Canal en Youtube,https://addons.mozilla.org/en-US/firefox/addon/canal-en-youtube/?src=search
Youtube Mobile,https://addons.mozilla.org/en-US/firefox/addon/youtube-mobile/?src=search
YouTube Videos Auto Play 480p Quality,https://addons.mozilla.org/en-US/firefox/addon/youtube-videos-auto-play-480p-/?src=search
YouTube Temp Playlist,https://addons.mozilla.org/en-US/firefox/addon/youtube-temp-playlist/?src=search
Super Video Downloader / Youtube Downloader,https://addons.mozilla.org/en-US/firefox/addon/super-video-downloader/?src=search
YouTube Toolbar - All-in-one Internet Search,https://addons.mozilla.org/en-US/firefox/addon/search-toolbar-youtube/?src=search
Ambivid player for Youtube™,https://addons.mozilla.org/en-US/firefox/addon/ambivid/?src=search
Youtube Movie Downloader,https://addons.mozilla.org/en-US/firefox/addon/youtube-video-downloader/?src=search
YouTube Downloader @ps,https://addons.mozilla.org/en-US/firefox/addon/youtube-downloader-ps/?src=search
Download MP4 videos from Youtube,https://addons.mozilla.org/en-US/firefox/addon/download-mp4-videos-from-yo/?src=search
YoutubeCinema,https://addons.mozilla.org/en-US/firefox/addon/youtubecinema/?src=search
Fast Youtube,https://addons.mozilla.org/en-US/firefox/addon/fast-youtube/?src=search
Ampare Search This On Youtube,https://addons.mozilla.org/en-US/firefox/addon/search-this-on-youtube/?src=search
SaveFrom.net helper all-in-1 / youtube downloader,https://addons.mozilla.org/en-US/firefox/addon/savefromnet-helper/?src=search
YouTube automatisch in High Definition (HD) 1080p,https://addons.mozilla.org/en-US/firefox/addon/youtube-videos-automatisch-sta/?src=search
Youtube downloader mp3/mp4/3gp/flv/webm,https://addons.mozilla.org/en-US/firefox/addon/youtube-downloader-mp3-mp4/?src=search
Hindi Youtube Video Download,https://addons.mozilla.org/en-US/firefox/addon/hindi-youtube-video-download/?src=search
YouTube to MP3 Converter/Online Download,https://addons.mozilla.org/en-US/firefox/addon/youtube2mp3to-convert-youtu/?src=search
Youtube Rapid Filter,https://addons.mozilla.org/en-US/firefox/addon/youtube-rapid-filter/?src=search
Intercept YouTube Links,https://addons.mozilla.org/en-US/firefox/addon/intercept-youtube-links/?src=search
YouTube to ZIP,https://addons.mozilla.org/en-US/firefox/addon/youtube-to-zip/?src=search
Youtube Suchleisten Fixer,https://addons.mozilla.org/en-US/firefox/addon/yt-heading-fixer/?src=search
YouTube Music MP3 Download Converter,https://addons.mozilla.org/en-US/firefox/addon/youtube-music-mp3-download/?src=search
Tamil Youtube Video Download,https://addons.mozilla.org/en-US/firefox/addon/tamil-youtube-video-download/?src=search
Youtube to Playit.pk,https://addons.mozilla.org/en-US/firefox/addon/youtube-to-playitpk/?src=search
Youtube Auto HD,https://addons.mozilla.org/en-US/firefox/addon/youtube-auto-hd/?src=search
Download Flash and Video,https://addons.mozilla.org/en-US/firefox/addon/download-flash-and-video/?src=search
Youtube in hotbar,https://addons.mozilla.org/en-US/firefox/addon/youtube-in-hotbar/?src=search
YouTube To Mp3 Converter | Mp3 Converter,https://addons.mozilla.org/en-US/firefox/addon/mp3converter/?src=search
YouTube Persistent Video Container Background,https://addons.mozilla.org/en-US/firefox/addon/youtube-persistent-video-bg/?src=search
Youtube Uploads Only,https://addons.mozilla.org/en-US/firefox/addon/youtubeuploadsonly/?src=search
YouTube Theatrizer,https://addons.mozilla.org/en-US/firefox/addon/youtube-theatrizer/?src=search
Unavailable Youtube Videos Marker,https://addons.mozilla.org/en-US/firefox/addon/unavailable-youtube-videos-/?src=search
Video DownloadHelper,https://addons.mozilla.org/en-US/firefox/addon/video-downloadhelper/?src=search
فلاش بلير يوتيوب - YouTube™,https://addons.mozilla.org/en-US/firefox/addon/%D9%81%D9%84%D8%A7%D8%B4-%D8%A8%D9%84%D9%8A%D8%B1-%D9%8A%D9%88%D8%AA%D9%8A%D9%88%D8%A8-youtube/?src=search
YouTube Plus Response,https://addons.mozilla.org/en-US/firefox/addon/youtube-plus-response/?src=search
Byffox YouTube Downloads,https://addons.mozilla.org/en-US/firefox/addon/byffox-youtube-downloads/?src=search
Download Videos  from Youtube. Period.,https://addons.mozilla.org/en-US/firefox/addon/single-click-mp3/?src=search
YouTube Stretch,https://addons.mozilla.org/en-US/firefox/addon/youtubestretch/?src=search
"Gathera - AOL, Gmail, Hotmail, Facebook, LinkedIn,Myspace, Twitter, Yahoo!, Youtube",https://addons.mozilla.org/en-US/firefox/addon/gathera-aol-gmail-hotmail-face/?src=search
Video Downloader professional,https://addons.mozilla.org/en-US/firefox/addon/video-downloader-profession/?src=search
YouTube Auto Replay + Auto HD + Download,https://addons.mozilla.org/en-US/firefox/addon/youtube-auto-replay-auto-hd-do/?src=search
TuneTune - YouTube to MP3,https://addons.mozilla.org/en-US/firefox/addon/tunetunenet-converter/?src=search
Highlight YouTube-integrated Comment,https://addons.mozilla.org/en-US/firefox/addon/highlight-youtube-integrate/?src=search
Ptube Unblock Youtube,https://addons.mozilla.org/en-US/firefox/addon/ptube-ext/?src=search
YouTubetoMP3.tv,https://addons.mozilla.org/en-US/firefox/addon/youtube-to-mp3tv/?src=search
Video Blocker,https://addons.mozilla.org/en-US/firefox/addon/video-blocker/?src=search
YouTube - Toolbar - All-in-one Internet Search,https://addons.mozilla.org/en-US/firefox/addon/search-toolbar-youtube2/?src=search
PiP Video,https://addons.mozilla.org/en-US/firefox/addon/pip-vid/?src=search
YouTube Top Rated Sorted Comments,https://addons.mozilla.org/en-US/firefox/addon/yt-top-rated-sorted-comments/?src=search
#1 Youtube Video and Mp3 Downloader,https://addons.mozilla.org/en-US/firefox/addon/youtubedownloader/?src=search
Youtube Blaster,https://addons.mozilla.org/en-US/firefox/addon/youtubeblaster/?src=search
Youtube Quick Search & Open Loc,https://addons.mozilla.org/en-US/firefox/addon/youtube-quick-search-open-loc/?src=search
Video Resumer,https://addons.mozilla.org/en-US/firefox/addon/video-resumer/?src=search
Youtube To TayTev,https://addons.mozilla.org/en-US/firefox/addon/youtube-to-taytev/?src=search
Youtube-teatro,https://addons.mozilla.org/en-US/firefox/addon/youtube-teatro/?src=search
Thumbnail Zoom Plus,https://addons.mozilla.org/en-US/firefox/addon/thumbnail-zoom-plus/?src=search
YouTube View More Uploader Videos,https://addons.mozilla.org/en-US/firefox/addon/youtubeviewmoreuploadervids/?src=search
Searchonymous,https://addons.mozilla.org/en-US/firefox/addon/searchonymous/?src=search
Autoplay No More,https://addons.mozilla.org/en-US/firefox/addon/autoplay-no-more/?src=search
YoutubeVideoDownload,https://addons.mozilla.org/en-US/firefox/addon/youtubevideodownload/?src=search
Share & Free Download 4shared files and Youtube,https://addons.mozilla.org/en-US/firefox/addon/share-files/?src=search
WebVideoFetcher.com for Mozilla Firefox,https://addons.mozilla.org/en-US/firefox/addon/webvideofetchercom-youtube/?src=search
Stealthy,https://addons.mozilla.org/en-US/firefox/addon/stealthy/?src=search
YouTube To MP3 Converter - Uscorpion,https://addons.mozilla.org/en-US/firefox/addon/uscorpion-converter/?src=search
YouTube Comments and Home Page,https://addons.mozilla.org/en-US/firefox/addon/youtube-comments-and-home-p/?src=search
ULTubE - Ultra Leeching YouTube Engine,https://addons.mozilla.org/en-US/firefox/addon/ultube/?src=search
Adguard AdBlocker,https://addons.mozilla.org/en-US/firefox/addon/adguard-adblocker/?src=search
youtube2mp3extract,https://addons.mozilla.org/en-US/firefox/addon/youtube2mp3extract/?src=search
h264ify,https://addons.mozilla.org/en-US/firefox/addon/h264ify/?src=search
Send to XBMC/Kodi,https://addons.mozilla.org/en-US/firefox/addon/send-to-xbmc-kodi/?src=search
No Flash,https://addons.mozilla.org/en-US/firefox/addon/no-flash/?src=search
YouTabs,https://addons.mozilla.org/en-US/firefox/addon/youtabs/?src=search
Black  Skin,https://addons.mozilla.org/en-US/firefox/addon/blackskin/?src=search
Smart Ads Blocker,https://addons.mozilla.org/en-US/firefox/addon/smart-ads-blocker/?src=search
YouTune,https://addons.mozilla.org/en-US/firefox/addon/youtune/?src=search
Hide Fedora,https://addons.mozilla.org/en-US/firefox/addon/hide-fedora/?src=search
Youtube MP3 converter - Download with Save to mp3,https://addons.mozilla.org/en-US/firefox/addon/save-to-mp3-addon/?src=search
HearYoutube,https://addons.mozilla.org/en-US/firefox/addon/hearyoutube/?src=search
Loudtronix Helper Extension,https://addons.mozilla.org/en-US/firefox/addon/loudtronix-helper/?src=search
Ant Video Downloader,https://addons.mozilla.org/en-US/firefox/addon/video-downloader-player/?src=search
Savedeo video downloader,https://addons.mozilla.org/en-US/firefox/addon/savedeo-video-downloader/?src=search
CleanTube,https://addons.mozilla.org/en-US/firefox/addon/cleantube/?src=search
MP3 Junkie,https://addons.mozilla.org/en-US/firefox/addon/mp3-junkie/?src=search
AdBlock for Firefox,https://addons.mozilla.org/en-US/firefox/addon/adblock-for-firefox/?src=search
Serviio TubeFox,https://addons.mozilla.org/en-US/firefox/addon/serviio-tubefox/?src=search
Replay,https://addons.mozilla.org/en-US/firefox/addon/replay1/?src=search
FeedlyTube,https://addons.mozilla.org/en-US/firefox/addon/feedlytube/?src=search
Mute Music During Youtube Video,https://addons.mozilla.org/en-US/firefox/addon/mutemusicduringyoutubevideo/?src=search
EmbedUpdater,https://addons.mozilla.org/en-US/firefox/addon/embedupdater/?src=search
Adblock Plus,https://addons.mozilla.org/en-US/firefox/addon/adblock-plus/?src=search
Enforce SafeSearch,https://addons.mozilla.org/en-US/firefox/addon/sas/?src=search
Live Stream Notifier,https://addons.mozilla.org/en-US/firefox/addon/justintv-stream-notificatio/?src=search
Substital,https://addons.mozilla.org/en-US/firefox/addon/substital/?src=search
Vagex,https://addons.mozilla.org/en-US/firefox/addon/vagex2/?src=search
TubeBuddy Plugin,https://addons.mozilla.org/en-US/firefox/addon/tubebuddy-plugin/?src=search
AudioTube,https://addons.mozilla.org/en-US/firefox/addon/audiotube/?src=search
YouView,https://addons.mozilla.org/en-US/firefox/addon/youview/?src=search
YouPop,https://addons.mozilla.org/en-US/firefox/addon/youpop-249349/?src=search
nocomments,https://addons.mozilla.org/en-US/firefox/addon/nocomments/?src=search
Avoid Facebook share,https://addons.mozilla.org/en-US/firefox/addon/avoid-fb-share/?src=search
YouTube to MP3 by Uccio,https://addons.mozilla.org/en-US/firefox/addon/ucciotube-scaricamp3-da-youtub/?src=search
resumeLater,https://addons.mozilla.org/en-US/firefox/addon/resumelater/?src=search
Camideo Video Search,https://addons.mozilla.org/en-US/firefox/addon/camideo-video-search/?src=search
TubeLink,https://addons.mozilla.org/en-US/firefox/addon/tubelink/?src=search
Live Notifier (Web Extension),https://addons.mozilla.org/en-US/firefox/addon/live-notifier/?src=search
Stylish,https://addons.mozilla.org/en-US/firefox/addon/stylish/?src=search
BufferInfinite : Online Video Subtitling Service.,https://addons.mozilla.org/en-US/firefox/addon/bufferinfinite/?src=search
FindThatBand,https://addons.mozilla.org/en-US/firefox/addon/findthatband/?src=search
my site 1.0,https://addons.mozilla.org/en-US/firefox/addon/allow-facebook-youtube-and-/?src=search
YouRepeat This,https://addons.mozilla.org/en-US/firefox/addon/yourepeat-this/?src=search
Send to newsic,https://addons.mozilla.org/en-US/firefox/addon/an-newsic-senden/?src=search
popup video,https://addons.mozilla.org/en-US/firefox/addon/popup-video/?src=search
维棠视频下载软件助手,https://addons.mozilla.org/en-US/firefox/addon/vidown-flv-downloader/?src=search
AutoLoop,https://addons.mozilla.org/en-US/firefox/addon/autoloop/?src=search
Media Keys,https://addons.mozilla.org/en-US/firefox/addon/media-keys/?src=search
BetterRBTV,https://addons.mozilla.org/en-US/firefox/addon/betterrbtv/?src=search
Repeatening,https://addons.mozilla.org/en-US/firefox/addon/repeatening/?src=search
Like.fm Social Music Tracker,https://addons.mozilla.org/en-US/firefox/addon/likefm-social-music-tracker/?src=search
Play video on Dreambox,https://addons.mozilla.org/en-US/firefox/addon/play-video-on-dreambox/?src=search
myCircle.tv,https://addons.mozilla.org/en-US/firefox/addon/mycircletv/?src=search
Janus,https://addons.mozilla.org/en-US/firefox/addon/janus/?src=search
Hotspot Shield Free VPN Proxy – Unblock Sites,https://addons.mozilla.org/en-US/firefox/addon/hotspot-shield-free-vpn-proxy-/?src=search
HTML5 Video Everywhere!,https://addons.mozilla.org/en-US/firefox/addon/html5-video-everywhere/?src=search
VDownloader,https://addons.mozilla.org/en-US/firefox/addon/vdownloader/?src=search
Cleeki - Instant Search,https://addons.mozilla.org/en-US/firefox/addon/cleeki-instant-search/?src=search
FlashStopper,https://addons.mozilla.org/en-US/firefox/addon/flashstopper/?src=search
Turn Off the Lights,https://addons.mozilla.org/en-US/firefox/addon/turn-off-the-lights/?src=search
Tubepop,https://addons.mozilla.org/en-US/firefox/addon/tubepop/?src=search
Convert.Files,https://addons.mozilla.org/en-US/firefox/addon/convertfiles/?src=search
YTBookmarker,https://addons.mozilla.org/en-US/firefox/addon/ytbookmarker/?src=search
Ultrawidify,https://addons.mozilla.org/en-US/firefox/addon/ultrawidify/?src=search
Media Converter and Muxer,https://addons.mozilla.org/en-US/firefox/addon/media-converter-and-muxer/?src=search
Stop Tube HTML5,https://addons.mozilla.org/en-US/firefox/addon/stop-tube/?src=search
QuietUrl,https://addons.mozilla.org/en-US/firefox/addon/quieturl/?src=search
Fast Video Download,https://addons.mozilla.org/en-US/firefox/addon/fast-video-download-with-searc/?src=search
Flash Control,https://addons.mozilla.org/en-US/firefox/addon/flash-control/?src=search
KidZui,https://addons.mozilla.org/en-US/firefox/addon/kidzui/?src=search
Forehead Joke Blocker,https://addons.mozilla.org/en-US/firefox/addon/forehead-joke-blocker/?src=search
Ook? Video Ook!,https://addons.mozilla.org/en-US/firefox/addon/ook-video-ook/?src=search
FocusTube,https://addons.mozilla.org/en-US/firefox/addon/focustube/?src=search
"Peachphone : virtual phone (Android/iPhone)-like to send image, video, sound, map or text by MMS, SMS or .mobi",https://addons.mozilla.org/en-US/firefox/addon/flysms-send-webcam-video-by-mm/?src=search
Now Playing X,https://addons.mozilla.org/en-US/firefox/addon/now-playing-x/?src=search
StopTubeHTML5,https://addons.mozilla.org/en-US/firefox/addon/stoptubehtml5/?src=search
UploadProgress,https://addons.mozilla.org/en-US/firefox/addon/uploadprogress/?src=search
Ultimate Spotify Search,https://addons.mozilla.org/en-US/firefox/addon/ultimate-spotify-search/?src=search
Download Embedded,https://addons.mozilla.org/en-US/firefox/addon/download-embedded/?src=search
YouTube2mp3.ca,https://addons.mozilla.org/en-US/firefox/addon/youtube2mp3ca/?src=search
Briteclick,https://addons.mozilla.org/en-US/firefox/addon/briteclick/?src=search
LookItUp,https://addons.mozilla.org/en-US/firefox/addon/lookitup/?src=search
HeartbeatTM,https://addons.mozilla.org/en-US/firefox/addon/heartbeattm/?src=search
Gmail email Signature - WiseStamp,https://addons.mozilla.org/en-US/firefox/addon/wisestamp-email-signature-gmai/?src=search
High Definition Video,https://addons.mozilla.org/en-US/firefox/addon/high-definition-video/?src=search
Viewtubes,https://addons.mozilla.org/en-US/firefox/addon/viewtubes/?src=search
URL Fixer,https://addons.mozilla.org/en-US/firefox/addon/url-fixer/?src=search
Thumbnail Zoom,https://addons.mozilla.org/en-US/firefox/addon/thumbnail-zoom/?src=search
Quick Search,https://addons.mozilla.org/en-US/firefox/addon/quick-search-14448/?src=search
you2repeat,https://addons.mozilla.org/en-US/firefox/addon/you2repeat/?src=search
Fire Media Player,https://addons.mozilla.org/en-US/firefox/addon/fire-media-player/?src=search
Share Video,https://addons.mozilla.org/en-US/firefox/addon/share-video/?src=search
Send to DUNE,https://addons.mozilla.org/en-US/firefox/addon/send-to-dune/?src=search
Veoh Video Compass,https://addons.mozilla.org/en-US/firefox/addon/veoh-video-compass/?src=search
AdvertBan,https://addons.mozilla.org/en-US/firefox/addon/adban/?src=search
LinusTechTips Notifier,https://addons.mozilla.org/en-US/firefox/addon/ltt-notifier/?src=search
Open with Livestreamer,https://addons.mozilla.org/en-US/firefox/addon/open-livestreamer/?src=search
u2forum.ge,https://addons.mozilla.org/en-US/firefox/addon/u2forumge/?src=search
Shortcuts for Google™ Products,https://addons.mozilla.org/en-US/firefox/addon/google-shortcuts/?src=search
Ads Cleaner,https://addons.mozilla.org/en-US/firefox/addon/ads-cleaner/?src=search
TubeConverter,https://addons.mozilla.org/en-US/firefox/addon/tubeconverter/?src=search
mp3extract,https://addons.mozilla.org/en-US/firefox/addon/mp3extract/?src=search
StealthMarks,https://addons.mozilla.org/en-US/firefox/addon/stealthmarks/?src=search
uTube2mp3,https://addons.mozilla.org/en-US/firefox/addon/utube2mp3/?src=search
CE Downloader,https://addons.mozilla.org/en-US/firefox/addon/ce-downloader/?src=search
HTML5 Converter,https://addons.mozilla.org/en-US/firefox/addon/html5-converter/?src=search
Watch with MPV,https://addons.mozilla.org/en-US/firefox/addon/watch-with-mpv/?src=search
YouLoop,https://addons.mozilla.org/en-US/firefox/addon/youloop/?src=search
Vagex Firefox Add-on,https://addons.mozilla.org/en-US/firefox/addon/vagex-firefox-add-on/?src=search
NiceGif,https://addons.mozilla.org/en-US/firefox/addon/nicegif/?src=search
Video Bookmarks,https://addons.mozilla.org/en-US/firefox/addon/video-bookmarks/?src=search
Modest Vision,https://addons.mozilla.org/en-US/firefox/addon/modest-vision/?src=search
Jordy Video Downloader,https://addons.mozilla.org/en-US/firefox/addon/jordy-video-downloader/?src=search
Play/Pause,https://addons.mozilla.org/en-US/firefox/addon/play-pause/?src=search
EventVODs Spoiler Prevention BETA,https://addons.mozilla.org/en-US/firefox/addon/eventvods-spoiler-prevention/?src=search
Video Blocker,https://addons.mozilla.org/en-US/firefox/addon/videoblocker/?src=search
Savieo: Free Video Downloader,https://addons.mozilla.org/en-US/firefox/addon/savieo-free-video-downloader/?src=search
jetDownloader,https://addons.mozilla.org/en-US/firefox/addon/jetdownloader/?src=search
Updated Ad Blocker for Firefox 11+,https://addons.mozilla.org/en-US/firefox/addon/updated-ad-blocker-for-fire/?src=search
No Annotations,https://addons.mozilla.org/en-US/firefox/addon/no-annotations/?src=search
Social - All-in-one Internet Search (SSL & TLS),https://addons.mozilla.org/en-US/firefox/addon/internet-search-social/?src=search
Full Screen for Firefox,https://addons.mozilla.org/en-US/firefox/addon/full-screen-for-firefox/?src=search
vkontakte download,https://addons.mozilla.org/en-US/firefox/addon/vkontakte-download/?src=search
Zoom for Firefox,https://addons.mozilla.org/en-US/firefox/addon/zoom/?src=search
LataaYouTube.com,https://addons.mozilla.org/en-US/firefox/addon/lataayoutube/?src=search
Google + Bing + Ask = Qrobe.it for Firefox,https://addons.mozilla.org/en-US/firefox/addon/google-bing-ask-qrobeit-for-fi/?src=search
Heapr.com - Search Google WAY FASTER than Google.com,https://addons.mozilla.org/en-US/firefox/addon/heaprcom-search-google-way-fas/?src=search
flv movies downloader,https://addons.mozilla.org/en-US/firefox/addon/flv-movies-downloader/?src=search
YouPlayer,https://addons.mozilla.org/en-US/firefox/addon/youplayer/?src=search
OrbThis,https://addons.mozilla.org/en-US/firefox/addon/orbthis/?src=search
All In One Search Bar,https://addons.mozilla.org/en-US/firefox/addon/all-in-1-search-bar/?src=search
FlashGot Mass Downloader,https://addons.mozilla.org/en-US/firefox/addon/flashgot/?src=search
Tube Convertor,https://addons.mozilla.org/en-US/firefox/addon/tubeconvertor/?src=search
Force Safe Search,https://addons.mozilla.org/en-US/firefox/addon/forcesafesearch/?src=search
Send to VuPlusReceiver,https://addons.mozilla.org/en-US/firefox/addon/send-to-vuplusreceiver/?src=search
YDL Tracker,https://addons.mozilla.org/en-US/firefox/addon/ydl-tracker/?src=search
MPC-YT,https://addons.mozilla.org/en-US/firefox/addon/mpc-yt/?src=search
SaveMedia,https://addons.mozilla.org/en-US/firefox/addon/savemedia/?src=search
Savilio video downloader,https://addons.mozilla.org/en-US/firefox/addon/savilio-video-downloader/?src=search
Random Video,https://addons.mozilla.org/en-US/firefox/addon/random-video/?src=search
613 Tube,https://addons.mozilla.org/en-US/firefox/addon/613tube/?src=search
Google + Bing + TAM = Qrobe.it (HTTPS/SSL/Private),https://addons.mozilla.org/en-US/firefox/addon/qrobeit-https/?src=search
MP3 Converter,https://addons.mozilla.org/en-US/firefox/addon/mp3-converter/?src=search
TakeVideos,https://addons.mozilla.org/en-US/firefox/addon/takevideos/?src=search
RapidFox,https://addons.mozilla.org/en-US/firefox/addon/rapidfox/?src=search
All About It,https://addons.mozilla.org/en-US/firefox/addon/all-about-it/?src=search
Search Links - speeds up search,https://addons.mozilla.org/en-US/firefox/addon/search-links-speeds-up-search/?src=search
NietzscheDerp,https://addons.mozilla.org/en-US/firefox/addon/nietzschederp/?src=search
Spiritling Toolbar,https://addons.mozilla.org/en-US/firefox/addon/spiritling-toolbar/?src=search
BetterPrivacy-signed,https://addons.mozilla.org/en-US/firefox/addon/betterprivacy/?src=search
YouTubeButton,https://addons.mozilla.org/en-US/firefox/addon/youtubebutton-1/?src=search
KIDO'Z TV,https://addons.mozilla.org/en-US/firefox/addon/kidoz-tv/?src=search
moone.in,https://addons.mozilla.org/en-US/firefox/addon/moonein/?src=search
Clickberry,https://addons.mozilla.org/en-US/firefox/addon/clickberry/?src=search
SME - Search Made Easy,https://addons.mozilla.org/en-US/firefox/addon/sme-search-made-easy/?src=search
Video2Mp3,https://addons.mozilla.org/en-US/firefox/addon/video2mp3/?src=search
ShareTube,https://addons.mozilla.org/en-US/firefox/addon/sharetube/?src=search
Golliver,https://addons.mozilla.org/en-US/firefox/addon/golliver/?src=search
YouTube.Censor,https://addons.mozilla.org/en-US/firefox/addon/youtubecensor/?src=search
UnTube,https://addons.mozilla.org/en-US/firefox/addon/untube/?src=search
BlockAds Ultimate,https://addons.mozilla.org/en-US/firefox/addon/blockad-ultimate/?src=search
Picture Zoom Plus(+),https://addons.mozilla.org/en-US/firefox/addon/picture-zoom-plus/?src=search
Ad Killer,https://addons.mozilla.org/en-US/firefox/addon/adkiller/?src=search
FocusTube Plus,https://addons.mozilla.org/en-US/firefox/addon/focustube-plus/?src=search
Fasterfox,https://addons.mozilla.org/en-US/firefox/addon/rsccmanfasterfox/?src=search
Video Speed Changer,https://addons.mozilla.org/en-US/firefox/addon/video-speed-changer/?src=search
Google@Omgili - Subjective & Objective Search Combined,https://addons.mozilla.org/en-US/firefox/addon/googleomgili-subjective-object/?src=search
TubeCast,https://addons.mozilla.org/en-US/firefox/addon/tubecast/?src=search
WykopPlayerKiller,https://addons.mozilla.org/en-US/firefox/addon/wykopplayerkiller/?src=search
YouTubeRequestLogger,https://addons.mozilla.org/en-US/firefox/addon/youtuberequestlogger/?src=search
Flash Video Player for Facebook™,https://addons.mozilla.org/en-US/firefox/addon/facebook-flash-video-player/?src=search
Send to Movian,https://addons.mozilla.org/en-US/firefox/addon/send-to-movian/?src=search
Rock3tvid,https://addons.mozilla.org/en-US/firefox/addon/rock3tvid/?src=search
EduU PlaYEeR,https://addons.mozilla.org/en-US/firefox/addon/eduu-playeer/?src=search
SaveBomb downloader,https://addons.mozilla.org/en-US/firefox/addon/savebomb-downloader/?src=search
YouTube2Video2MP3,https://addons.mozilla.org/en-US/firefox/addon/youtube2video2mp3/?src=search
Tube helper,https://addons.mozilla.org/en-US/firefox/addon/tube-helper/?src=search
NoClickBate,https://addons.mozilla.org/en-US/firefox/addon/noclickbate/?src=search
YTmp3Easy,https://addons.mozilla.org/en-US/firefox/addon/ytmp3easy/?src=search
Video PopUp,https://addons.mozilla.org/en-US/firefox/addon/videopopup/?src=search
Video2Mp3 Converter,https://addons.mozilla.org/en-US/firefox/addon/video2mp3-converter/?src=search
no,https://addons.mozilla.org/en-US/firefox/addon/no/?src=search
Google Shortcuts - All Google Services at a glance,https://addons.mozilla.org/en-US/firefox/addon/google-shortcuts-all-google-se/?src=search
Simplest Adblocker,https://addons.mozilla.org/en-US/firefox/addon/simplest-addblocker/?src=search
Nice Day (weather),https://addons.mozilla.org/en-US/firefox/addon/nice-day-weather/?src=search
Send to LG Smart TV,https://addons.mozilla.org/en-US/firefox/addon/send-to-lg-smart-tv/?src=search
thumbnailify,https://addons.mozilla.org/en-US/firefox/addon/thumbnailify/?src=search
Black Google Theme,https://addons.mozilla.org/en-US/firefox/addon/black-google-theme/?src=search
Sync Video,https://addons.mozilla.org/en-US/firefox/addon/sync-video/?src=search
adaware ad block,https://addons.mozilla.org/en-US/firefox/addon/ad-aware-ad-block/?src=search
Video Downloader Prime,https://addons.mozilla.org/en-US/firefox/addon/video-downloader-prime/?src=search
Vid-MP3,https://addons.mozilla.org/en-US/firefox/addon/vid-mp3/?src=search
Netscape Link Pad,https://addons.mozilla.org/en-US/firefox/addon/netscape-link-pad/?src=search
Disable Ads,https://addons.mozilla.org/en-US/firefox/addon/disable-ads/?src=search
Scribd Slurper,https://addons.mozilla.org/en-US/firefox/addon/scribd-slurper/?src=search
Descarga tus videos,https://addons.mozilla.org/en-US/firefox/addon/descarga-tus-videos/?src=search
Proxy-Listen.de - Proxyswitcher,https://addons.mozilla.org/en-US/firefox/addon/proxy-listen-de_proxyswitcher/?src=search
StreamChat,https://addons.mozilla.org/en-US/firefox/addon/streamchat/?src=search
Mynamid,https://addons.mozilla.org/en-US/firefox/addon/mynamid/?src=search
Sp4zie,https://addons.mozilla.org/en-US/firefox/addon/sp4zie/?src=search
TubeTools,https://addons.mozilla.org/en-US/firefox/addon/tubetools/?src=search
"Shareaholic | share with Google, Facebook and more",https://addons.mozilla.org/en-US/firefox/addon/shareaholic-share-links-fast/?src=search
lyrics,https://addons.mozilla.org/en-US/firefox/addon/lyrics/?src=search
SMPlayer View,https://addons.mozilla.org/en-US/firefox/addon/smplayer-view/?src=search
Video Pinner,https://addons.mozilla.org/en-US/firefox/addon/video-pinner/?src=search
Night Mode Eye Guard,https://addons.mozilla.org/en-US/firefox/addon/eyeguard/?src=search
FM Scene,https://addons.mozilla.org/en-US/firefox/addon/fm-scene/?src=search
YouRepeat,https://addons.mozilla.org/en-US/firefox/addon/yourepeat/?src=search
minitube-integration,https://addons.mozilla.org/en-US/firefox/addon/minitube-integration/?src=search
S3.Google Translator,https://addons.mozilla.org/en-US/firefox/addon/s3google-translator/?src=search
SetupVPN Lifetime Free VPN,https://addons.mozilla.org/en-US/firefox/addon/setupvpn/?src=search
Float Video,https://addons.mozilla.org/en-US/firefox/addon/pip-picture-in-picture-video-f/?src=search
Sothink Web Video Downloader for Firefox,https://addons.mozilla.org/en-US/firefox/addon/sothink-web-video-downloader/?src=search
TubeG,https://addons.mozilla.org/en-US/firefox/addon/tubeg/?src=search
nQuote,https://addons.mozilla.org/en-US/firefox/addon/nquote/?src=search
"Cutyfox URL Shortener (bit.ly, is.gd, goo.gl)",https://addons.mozilla.org/en-US/firefox/addon/cutyfox-url-shortener-googl-is/?src=search
LastVid Search,https://addons.mozilla.org/en-US/firefox/addon/lastvid-search/?src=search
Imageshack-Clickberry Browser Add-on,https://addons.mozilla.org/en-US/firefox/addon/imageshack-clickberry-brows/?src=search
anonymoX,https://addons.mozilla.org/en-US/firefox/addon/anonymox/?src=search
AllTube Download,https://addons.mozilla.org/en-US/firefox/addon/alltube-download/?src=search
AdBlocker Ultimate,https://addons.mozilla.org/en-US/firefox/addon/adblocker-ultimate/?src=search
Flashblock,https://addons.mozilla.org/en-US/firefox/addon/flashblock/?src=search
YouTump3.com,https://addons.mozilla.org/en-US/firefox/addon/youtump3_en/?src=search
FILSH.net Plugin,https://addons.mozilla.org/en-US/firefox/addon/filshnet-plugin/?src=search
Peece.Net download Helper,https://addons.mozilla.org/en-US/firefox/addon/peecenet-download-helper/?src=search
Light Switch,https://addons.mozilla.org/en-US/firefox/addon/light-switch/?src=search
youtuberepeat,https://addons.mozilla.org/en-US/firefox/addon/youtuberepeat/?src=search
vConvert.me,https://addons.mozilla.org/en-US/firefox/addon/vconvertme/?src=search
MakeGIF Video Capture,https://addons.mozilla.org/en-US/firefox/addon/makegif-video-capture/?src=search
Video Audio Myxa,https://addons.mozilla.org/en-US/firefox/addon/video-myxa/?src=search
One Click Proxy,https://addons.mozilla.org/en-US/firefox/addon/oneclickproxy/?src=search
Audio Downloader Prime,https://addons.mozilla.org/en-US/firefox/addon/audio-downloader-prime/?src=search
Mail.ru Music Downloader,https://addons.mozilla.org/en-US/firefox/addon/mailru-music-downloader/?src=search
basic shortcuts,https://addons.mozilla.org/en-US/firefox/addon/basic-shortcuts/?src=search
"PageTweak - Ad Blocker, Video Downloader, Translator...",https://addons.mozilla.org/en-US/firefox/addon/pagetweak-ad-blocker-video-dow/?src=search
DemoToolbar,https://addons.mozilla.org/en-US/firefox/addon/demotoolbar/?src=search
customVid,https://addons.mozilla.org/en-US/firefox/addon/customvid/?src=search
Toggle HTML5 Video,https://addons.mozilla.org/en-US/firefox/addon/toggle-html5-video/?src=search
Status Reader,https://addons.mozilla.org/en-US/firefox/addon/status-reader-213332/?src=search
wasted-time-calculator,https://addons.mozilla.org/en-US/firefox/addon/wasted-time-calculator/?src=search
Alternative search,https://addons.mozilla.org/en-US/firefox/addon/alternative-search/?src=search
YTshowRating,https://addons.mozilla.org/en-US/firefox/addon/ytshowrating/?src=search
HD Video Downloader,https://addons.mozilla.org/en-US/firefox/addon/hd-video-downloader/?src=search
youtubeconvert,https://addons.mozilla.org/en-US/firefox/addon/youtubeconvert/?src=search
AdBlocker Lite,https://addons.mozilla.org/en-US/firefox/addon/adblock-lite-firefox/?src=search
Social Toolbar - All-in-one Internet Search,https://addons.mozilla.org/en-US/firefox/addon/search-toolbar-social/?src=search
Super Drag,https://addons.mozilla.org/en-US/firefox/addon/super-drag/?src=search
Hide Fullscreen Alert,https://addons.mozilla.org/en-US/firefox/addon/hide-fulscreen-alert/?src=search
Media URL Timestamper,https://addons.mozilla.org/en-US/firefox/addon/media-url-timestamper/?src=search
Private Anonymous Search (Google + Bing + HTTPS),https://addons.mozilla.org/en-US/firefox/addon/privatelee-https/?src=search
Image Video Block,https://addons.mozilla.org/en-US/firefox/addon/image-video-block/?src=search
PeekURL,https://addons.mozilla.org/en-US/firefox/addon/peekurl/?src=search
BBSFox,https://addons.mozilla.org/en-US/firefox/addon/bbsfox/?src=search
Click to Play per-element,https://addons.mozilla.org/en-US/firefox/addon/click-to-play-per-element/?src=search
Oddshot,https://addons.mozilla.org/en-US/firefox/addon/oddshot/?src=search
meLoTiro,https://addons.mozilla.org/en-US/firefox/addon/melotiro/?src=search
Google Killer,https://addons.mozilla.org/en-US/firefox/addon/ilovevitaly/?src=search
Search by Image for Google,https://addons.mozilla.org/en-US/firefox/addon/googlesearch-by-image/?src=search
Vimeo Tooltip & Notification,https://addons.mozilla.org/en-US/firefox/addon/vimeo-tooltip-notification/?src=search
TV-lanD Player,https://addons.mozilla.org/en-US/firefox/addon/tv-land-player/?src=search
Link Collect0r,https://addons.mozilla.org/en-US/firefox/addon/linkcollect0r/?src=search
youzik,https://addons.mozilla.org/en-US/firefox/addon/youzik/?src=search
Hide My Ass! Web Proxy,https://addons.mozilla.org/en-US/firefox/addon/hide-my-ass-proxy-extension/?src=search
QuickSearchBar,https://addons.mozilla.org/en-US/firefox/addon/quicksearchbar/?src=search
HDtransform,https://addons.mozilla.org/en-US/firefox/addon/hdtransform/?src=search
Hide all Images,https://addons.mozilla.org/en-US/firefox/addon/official-hide-images/?src=search
Tuzek.com,https://addons.mozilla.org/en-US/firefox/addon/tuzekcom/?src=search
Premiumize.me,https://addons.mozilla.org/en-US/firefox/addon/premiumizeme/?src=search
Powiadamiacz Kromki&Mestre,https://addons.mozilla.org/en-US/firefox/addon/kromkachleba/?src=search
Block comments,https://addons.mozilla.org/en-US/firefox/addon/block-comments/?src=search
Volatile Storage,https://addons.mozilla.org/en-US/firefox/addon/volatile-storage/?src=search
YouTubeFrame,https://addons.mozilla.org/en-US/firefox/addon/quemao18/?src=search
Video Speed Controller,https://addons.mozilla.org/en-US/firefox/addon/videospeed/?src=search
Androjine Live Extension,https://addons.mozilla.org/en-US/firefox/addon/androjine-live-extension/?src=search
ChillGlobal,https://addons.mozilla.org/en-US/firefox/addon/chillglobal/?src=search
Resume Video,https://addons.mozilla.org/en-US/firefox/addon/resume-video/?src=search
Grabstream,https://addons.mozilla.org/en-US/firefox/addon/grabstream/?src=search
BetterTheatre,https://addons.mozilla.org/en-US/firefox/addon/bettertheatre/?src=search
Media Sniffer,https://addons.mozilla.org/en-US/firefox/addon/media-sniffer/?src=search
Random Bookmark,https://addons.mozilla.org/en-US/firefox/addon/random-bookmark/?src=search
Isha Updates,https://addons.mozilla.org/en-US/firefox/addon/isha-updates/?src=search
Tumblr Post,https://addons.mozilla.org/en-US/firefox/addon/tumblr-post/?src=search
Andaaju,https://addons.mozilla.org/en-US/firefox/addon/andaaju/?src=search
badgepix v1.0,https://addons.mozilla.org/en-US/firefox/addon/badgepix/?src=search
BrandMyMail - Email Signatures for GMail and more,https://addons.mozilla.org/en-US/firefox/addon/brandmymail/?src=search
Groowe Search Toolbar,https://addons.mozilla.org/en-US/firefox/addon/groowe-search-toolbar/?src=search
Video Filters for HTML 5 videos(beta),https://addons.mozilla.org/en-US/firefox/addon/video-filters-for-html-5-vi/?src=search
SearchTweaker - Super Google & iGoogle!,https://addons.mozilla.org/en-US/firefox/addon/searchtweaker-super-google-igo/?src=search
Don't Read The Comments!,https://addons.mozilla.org/en-US/firefox/addon/dont-read-the-comments/?src=search
Super Start,https://addons.mozilla.org/en-US/firefox/addon/super-start/?src=search
LinkSidebar,https://addons.mozilla.org/en-US/firefox/addon/linksidebar/?src=search
Tubegraph,https://addons.mozilla.org/en-US/firefox/addon/tubegraph/?src=search
Pause YT,https://addons.mozilla.org/en-US/firefox/addon/pause-yt/?src=search
WKW Stuff,https://addons.mozilla.org/en-US/firefox/addon/wkw-stuff/?src=search
ToSub,https://addons.mozilla.org/en-US/firefox/addon/tosub/?src=search
Media Stealer,https://addons.mozilla.org/en-US/firefox/addon/media-stealer/?src=search
Soundscape,https://addons.mozilla.org/en-US/firefox/addon/soundscape/?src=search
Add URL to Window Title (Advanced KeePass Usage),https://addons.mozilla.org/en-US/firefox/addon/add-url-to-window-title/?src=search
Send To My Cloud,https://addons.mozilla.org/en-US/firefox/addon/send-to-my-cloud/?src=search
downloadchibashi,https://addons.mozilla.org/en-US/firefox/addon/downloadchibashi/?src=search
vefstikan,https://addons.mozilla.org/en-US/firefox/addon/vefstikan/?src=search
URL Buttons Pack,https://addons.mozilla.org/en-US/firefox/addon/url-buttons-pack/?src=search
DuckDuckBang,https://addons.mozilla.org/en-US/firefox/addon/duckduckbang/?src=search
musicfm - Free Music,https://addons.mozilla.org/en-US/firefox/addon/musicfm-free-music/?src=search
Cisco Support Community Toolbar,https://addons.mozilla.org/en-US/firefox/addon/csc-search-toolbar/?src=search
All search engines on your tab,https://addons.mozilla.org/en-US/firefox/addon/all-search-engines-on-your-tab/?src=search
MP3Cow,https://addons.mozilla.org/en-US/firefox/addon/mp3cow/?src=search
Perapera Japanese Popup Dictionary,https://addons.mozilla.org/en-US/firefox/addon/perapera-kun-japanese-popup-tr/?src=search
mymusicloader.de YouTube2MP3 Converter,https://addons.mozilla.org/en-US/firefox/addon/mymusicloaderde-youtube2mp3-co/?src=search
Responsible Blocker,https://addons.mozilla.org/en-US/firefox/addon/responsible-adblock/?src=search
Gimper Online,https://addons.mozilla.org/en-US/firefox/addon/gimper-online/?src=search
WScanner9,https://addons.mozilla.org/en-US/firefox/addon/wscanner9/?src=search
Power Twitter,https://addons.mozilla.org/en-US/firefox/addon/power-twitter/?src=search
VLP Aka Video Like Pass,https://addons.mozilla.org/en-US/firefox/addon/vlp-aka-video-like-pass/?src=search
Add to Delicious+,https://addons.mozilla.org/en-US/firefox/addon/add-to-delicious-1/?src=search
Map+,https://addons.mozilla.org/en-US/firefox/addon/map/?src=search
Save Tab Title,https://addons.mozilla.org/en-US/firefox/addon/save-tab-title/?src=search
YouTump3_italiano,https://addons.mozilla.org/en-US/firefox/addon/youtump3_italiano/?src=search
Load from Cache,https://addons.mozilla.org/en-US/firefox/addon/load-from-cache/?src=search
System Video,https://addons.mozilla.org/en-US/firefox/addon/system-video/?src=search
F.B. Purity - Cleans Up Facebook,https://addons.mozilla.org/en-US/firefox/addon/fb-purity-cleans-up-facebook/?src=search
Copy ShortURL,https://addons.mozilla.org/en-US/firefox/addon/copy-shorturl/?src=search
Trololololo Man,https://addons.mozilla.org/en-US/firefox/addon/trololololo-man/?src=search
Gfycat - Click to GIF,https://addons.mozilla.org/en-US/firefox/addon/gfycat-click-to-gif/?src=search
YouTube.com Button,https://addons.mozilla.org/en-US/firefox/addon/youtubecom-button/?src=search
PopVideo,https://addons.mozilla.org/en-US/firefox/addon/popvideo/?src=search
MediaPlus,https://addons.mozilla.org/en-US/firefox/addon/mediaplus/?src=search
WScanner7,https://addons.mozilla.org/en-US/firefox/addon/wscanner7/?src=search
Count Word Professional,https://addons.mozilla.org/en-US/firefox/addon/count-word-professional/?src=search
Anoweb - Annotate the web,https://addons.mozilla.org/en-US/firefox/addon/anoweb-annotate-the-web/?src=search
Screencastify,https://addons.mozilla.org/en-US/firefox/addon/screencastify/?src=search
Telugu Video Download,https://addons.mozilla.org/en-US/firefox/addon/telugu-video-download/?src=search
Peers - Instant Search,https://addons.mozilla.org/en-US/firefox/addon/peers-instant-search/?src=search
Better HKGolden,https://addons.mozilla.org/en-US/firefox/addon/better-hkgolden/?src=search
Safe24Toolbar,https://addons.mozilla.org/en-US/firefox/addon/safe24toolbar/?src=search
Lighterweight Themes for Australis,https://addons.mozilla.org/en-US/firefox/addon/lighterweight-themes-for-austr/?src=search
BINGO! Search,https://addons.mozilla.org/en-US/firefox/addon/bingo-search/?src=search
Print for Firefox,https://addons.mozilla.org/en-US/firefox/addon/print-for-firefox/?src=search
Churnalism,https://addons.mozilla.org/en-US/firefox/addon/churnalism/?src=search
WIKI 2. Wikipedia Republished,https://addons.mozilla.org/en-US/firefox/addon/wikipedia-advanced/?src=search
Verbling Screensharing,https://addons.mozilla.org/en-US/firefox/addon/verbling-screenshare-addon/?src=search
Push2Droid,https://addons.mozilla.org/en-US/firefox/addon/push2droid/?src=search
Blog Better! - Writing Helper by Zemanta,https://addons.mozilla.org/en-US/firefox/addon/zemanta/?src=search
Tab notifier,https://addons.mozilla.org/en-US/firefox/addon/tab-notifier/?src=search
PlayIt on XBMC,https://addons.mozilla.org/en-US/firefox/addon/playit-on-xbmc/?src=search
Notifier for Inbox™,https://addons.mozilla.org/en-US/firefox/addon/inbox-notifier/?src=search
Deez your tube,https://addons.mozilla.org/en-US/firefox/addon/deez-your-tube/?src=search
Top Shortcuts (restartless),https://addons.mozilla.org/en-US/firefox/addon/topshortcuts-restartless/?src=search
Moviesearcher,https://addons.mozilla.org/en-US/firefox/addon/moviesearcher-v1/?src=search
Dogecoin FUD Eraser,https://addons.mozilla.org/en-US/firefox/addon/ezdogecoinqr/?src=search
Beyond Australis,https://addons.mozilla.org/en-US/firefox/addon/the-fox-only-better/?src=search
Whois Lookup & Hosting & DNS & Site Flags Firefox,https://addons.mozilla.org/en-US/firefox/addon/ip-whois-flags-chrome-norto/?src=search
ThumbnailBusterYT,https://addons.mozilla.org/en-US/firefox/addon/thumbnailbusteryt/?src=search
MAFIAAFire: ThePirateBay Dancing!,https://addons.mozilla.org/en-US/firefox/addon/mafiaafire-piratebay-dancing/?src=search
Cache,https://addons.mozilla.org/en-US/firefox/addon/cache-firefox-extension/?src=search
My Security Search Bar,https://addons.mozilla.org/en-US/firefox/addon/my-security-search-bar/?src=search
Direct Media Access 4 AlloStreaming (AlloShare + AlloShowTV),https://addons.mozilla.org/en-US/firefox/addon/direct-media-access-4-allostre/?src=search
TableTools2 - Copy/Sort/Chart/Filter Table&More!,https://addons.mozilla.org/en-US/firefox/addon/tabletools2/?src=search
Flashback plus,https://addons.mozilla.org/en-US/firefox/addon/flashback-plus/?src=search
PlayThis,https://addons.mozilla.org/en-US/firefox/addon/playthis/?src=search
Automatik Text Reader,https://addons.mozilla.org/en-US/firefox/addon/automatik-text-reader/?src=search
Search Links,https://addons.mozilla.org/en-US/firefox/addon/search-links/?src=search
"Block ""read more""",https://addons.mozilla.org/en-US/firefox/addon/block_read_more/?src=search
"Boo.ly Shopping - Coupons, Best Prices, & Offers",https://addons.mozilla.org/en-US/firefox/addon/booly-shopping-price-compar/?src=search
FastTrack,https://addons.mozilla.org/en-US/firefox/addon/fasttrack-1/?src=search
iFamebook (Facebook Profile Visitors),https://addons.mozilla.org/en-US/firefox/addon/ifamebook/?src=search
Untamed Now Playing Resurrection,https://addons.mozilla.org/en-US/firefox/addon/untamed-now-playing/?src=search
Date Today,https://addons.mozilla.org/en-US/firefox/addon/date-today/?src=search
PompaTeam & Friends,https://addons.mozilla.org/en-US/firefox/addon/pompateam-friends/?src=search
Prot-On,https://addons.mozilla.org/en-US/firefox/addon/prot-on/?src=search
Finance Toolbar,https://addons.mozilla.org/en-US/firefox/addon/finance-toolbar/?src=search
VPN Unlimited - Private & Secure Web Proxy,https://addons.mozilla.org/en-US/firefox/addon/vpn-unlimited-secure-proxy/?src=search
YT Raffle Picker,https://addons.mozilla.org/en-US/firefox/addon/yt-raffle-picker/?src=search
Décodex,https://addons.mozilla.org/en-US/firefox/addon/lemonde-decodex/?src=search
Search Plus for Video,https://addons.mozilla.org/en-US/firefox/addon/search-plus-for-video/?src=search
MediaPin Pinning add-ons,https://addons.mozilla.org/en-US/firefox/addon/mediapin-pinning-add-on/?src=search
Baseball Interactive Theme,https://addons.mozilla.org/en-US/firefox/addon/bt-baseball/?src=search
My Reading Mode,https://addons.mozilla.org/en-US/firefox/addon/myreadingmode/?src=search
Kudos Coins,https://addons.mozilla.org/en-US/firefox/addon/kudos-coins/?src=search
Vukajlija,https://addons.mozilla.org/en-US/firefox/addon/vukajlija/?src=search
i2Type,https://addons.mozilla.org/en-US/firefox/addon/i2type/?src=search
Video Grabber,https://addons.mozilla.org/en-US/firefox/addon/video-grabber/?src=search
Imagus,https://addons.mozilla.org/en-US/firefox/addon/imagus/?src=search
The Pirate Bay Tweaks,https://addons.mozilla.org/en-US/firefox/addon/the-pirate-bay-tweaks/?src=search
SlimSearch,https://addons.mozilla.org/en-US/firefox/addon/slimsearch/?src=search
Googwiki,https://addons.mozilla.org/en-US/firefox/addon/googwiki/?src=search
That Startpage Rocks,https://addons.mozilla.org/en-US/firefox/addon/that-startpage-rocks/?src=search
Boounce,https://addons.mozilla.org/en-US/firefox/addon/boounce/?src=search
Emoji Keyboard (2016) by EmojiOne™,https://addons.mozilla.org/en-US/firefox/addon/emoji-keyboard-by-emojione/?src=search
"Advance Video Search Engine 3gp, mp4, flv, avi",https://addons.mozilla.org/en-US/firefox/addon/video_search/?src=search
iGoogle Tab Remover,https://addons.mozilla.org/en-US/firefox/addon/igoogle-tab-remover/?src=search
Squidoo,https://addons.mozilla.org/en-US/firefox/addon/squidoo/?src=search
VipIP,https://addons.mozilla.org/en-US/firefox/addon/vipip/?src=search
Lightningsoul,https://addons.mozilla.org/en-US/firefox/addon/lightningsoul/?src=search
What's Playing,https://addons.mozilla.org/en-US/firefox/addon/what-s-playing/?src=search
Amazon Associates Link Building Browser Extension,https://addons.mozilla.org/en-US/firefox/addon/amazon-publisher-studio-extens/?src=search
TSU GPA Simulator,https://addons.mozilla.org/en-US/firefox/addon/tsu-gpa-simulator/?src=search
WebTaps,https://addons.mozilla.org/en-US/firefox/addon/webtaps/?src=search
AskMe :)   -  is a search engine for answers!,https://addons.mozilla.org/en-US/firefox/addon/askme-is-a-search-engine-for-a/?src=search
Zazoo Music,https://addons.mozilla.org/en-US/firefox/addon/zazoo/?src=search
Privacy Plus (compatible),https://addons.mozilla.org/en-US/firefox/addon/privacy-plus-compatible/?src=search
Se connecter plus rapidement,https://addons.mozilla.org/en-US/firefox/addon/seconnecter/?src=search
Fastest Search - Browse/Search Faster!,https://addons.mozilla.org/en-US/firefox/addon/fastest-search/?src=search
Shelf Web Clipper,https://addons.mozilla.org/en-US/firefox/addon/shelf-web-clipper/?src=search
Shopping - All-in-one Internet Search (SSL & TLS),https://addons.mozilla.org/en-US/firefox/addon/internet-search-shopping/?src=search
SendBeatsTo: Send Beats to Emails,https://addons.mozilla.org/en-US/firefox/addon/send-beats-to-emails/?src=search
RainFox,https://addons.mozilla.org/en-US/firefox/addon/rainfox/?src=search
News - All-in-one Internet Search (SSL & TLS),https://addons.mozilla.org/en-US/firefox/addon/internet-search-news/?src=search
MP3 Downloader,https://addons.mozilla.org/en-US/firefox/addon/mp3downloader/?src=search
"All-in-one Internet Search (True SSL, TLS, & PFS)",https://addons.mozilla.org/en-US/firefox/addon/all-in-one-internet-search/?src=search
Google Video Search,https://addons.mozilla.org/en-US/firefox/addon/google-video-search-10562/?src=search
wtldrt,https://addons.mozilla.org/en-US/firefox/addon/wtldrt/?src=search
FilesTube.com,https://addons.mozilla.org/en-US/firefox/addon/filestubecom/?src=search
Related How-To Videos Sidebar,https://addons.mozilla.org/en-US/firefox/addon/related-how-to-videos-sidebar/?src=search
Wadsworth,https://addons.mozilla.org/en-US/firefox/addon/wadsworthyt/?src=search
Fiverr Notification Icon,https://addons.mozilla.org/en-US/firefox/addon/fiverr-notification-icon/?src=search
FilmKritiker,https://addons.mozilla.org/en-US/firefox/addon/filmkritiker/?src=search
Gui High-Tech Live ?,https://addons.mozilla.org/en-US/firefox/addon/gui-high-tech-live/?src=search
Sports - All-in-one Internet Search (SSL & TLS),https://addons.mozilla.org/en-US/firefox/addon/internet-search-sports/?src=search
Vimeo Downloader,https://addons.mozilla.org/en-US/firefox/addon/vimeo-downloader/?src=search
Canada - All-in-one Internet Search (SSL & TLS),https://addons.mozilla.org/en-US/firefox/addon/internet-search-canada/?src=search
Movies - All-in-one Internet Search (SSL & TLS),https://addons.mozilla.org/en-US/firefox/addon/internet-search-movies/?src=search
Knowledge - All-in-one Internet Search (SSL & TLS),https://addons.mozilla.org/en-US/firefox/addon/internet-search-knowledge/?src=search
"SoundCloud Downloader - Search, Download Music Mp3",https://addons.mozilla.org/en-US/firefox/addon/songs/?src=search
Mandzio,https://addons.mozilla.org/en-US/firefox/addon/mandzio/?src=search
EasyShortcuts,https://addons.mozilla.org/en-US/firefox/addon/easyshortcut/?src=search
ZPB LIVE,https://addons.mozilla.org/en-US/firefox/addon/zpb-live/?src=search
sel2in Web Notify Url,https://addons.mozilla.org/en-US/firefox/addon/sel2in_webnotifyurl/?src=search
blog.stanis.ru,https://addons.mozilla.org/en-US/firefox/addon/blogstanisru/?src=search
Coplay,https://addons.mozilla.org/en-US/firefox/addon/coplay/?src=search
SnowFall Addon,https://addons.mozilla.org/en-US/firefox/addon/snowfall-addon/?src=search
Scribd Downloader Free,https://addons.mozilla.org/en-US/firefox/addon/scribd-downloader-free/?src=search
RickRemoval,https://addons.mozilla.org/en-US/firefox/addon/rickremoval/?src=search
Vivaty Scenes,https://addons.mozilla.org/en-US/firefox/addon/vivaty-scenes/?src=search
Orkut Scrapper,https://addons.mozilla.org/en-US/firefox/addon/orkut-scrapper/?src=search
WiinkZ New-Tab,https://addons.mozilla.org/en-US/firefox/addon/wiinkz/?src=search
MouseControl,https://addons.mozilla.org/en-US/firefox/addon/mousecontrol/?src=search
YourPlayer,https://addons.mozilla.org/en-US/firefox/addon/yourplayer/?src=search
Avery Universal Package Tracker,https://addons.mozilla.org/en-US/firefox/addon/avery-universal-package-tracke/?src=search
TubeKit Toolbar,https://addons.mozilla.org/en-US/firefox/addon/tubekit-toolbar/?src=search
Google Drive Files Search,https://addons.mozilla.org/en-US/firefox/addon/google-drive-files-search/?src=search
Ivy Video Converter Extension,https://addons.mozilla.org/en-US/firefox/addon/ivy-video-converter-extension/?src=search
Unlimited Free VPN by betternet,https://addons.mozilla.org/en-US/firefox/addon/unlimited-free-vpn-betternet/?src=search
VeeHD Enhanced,https://addons.mozilla.org/en-US/firefox/addon/veehd-enhanced/?src=search
Kaskus Quick Reply+,https://addons.mozilla.org/en-US/firefox/addon/kaskus-quick-reply/?src=search
PlayUrlOnKodi,https://addons.mozilla.org/en-US/firefox/addon/playurlonkodi/?src=search
Roligasidor & kossan.se toolbar (SWEDISH!),https://addons.mozilla.org/en-US/firefox/addon/roligasidor-kossanse-toolbar-s/?src=search
The Official Real Madrid Club de Futbol Toolbar,https://addons.mozilla.org/en-US/firefox/addon/the-official-real-madrid-club-/?src=search
NativeShot,https://addons.mozilla.org/en-US/firefox/addon/nativeshot/?src=search
NoHomeTube,https://addons.mozilla.org/en-US/firefox/addon/nohometube/?src=search
Livestreamer Launcher,https://addons.mozilla.org/en-US/firefox/addon/livestreamer-launcher/?src=search
FairSteam,https://addons.mozilla.org/en-US/firefox/addon/fairsteam/?src=search
Show Keywords,https://addons.mozilla.org/en-US/firefox/addon/show-keywords/?src=search
Auto Unload Tab,https://addons.mozilla.org/en-US/firefox/addon/auto-unload-tab/?src=search
reKommend,https://addons.mozilla.org/en-US/firefox/addon/rekommend/?src=search
sRandotify,https://addons.mozilla.org/en-US/firefox/addon/srandotify/?src=search
Liquid Words,https://addons.mozilla.org/en-US/firefox/addon/liquidwords/?src=search
Footsu Video Search,https://addons.mozilla.org/en-US/firefox/addon/footsu-video-search/?src=search
Sciagaj.org Button,https://addons.mozilla.org/en-US/firefox/addon/sciagajorg-button/?src=search
Stop Russian Propaganda,https://addons.mozilla.org/en-US/firefox/addon/stop-russian-propaganda/?src=search
DotVPN — better than VPN.,https://addons.mozilla.org/en-US/firefox/addon/dotvpn/?src=search
Maps - All-in-one Internet Search (SSL & TLS),https://addons.mozilla.org/en-US/firefox/addon/internet-search-maps/?src=search
skippd,https://addons.mozilla.org/en-US/firefox/addon/skippd/?src=search
Hover Zoom+,https://addons.mozilla.org/en-US/firefox/addon/hover-zoom/?src=search
1Passcanner,https://addons.mozilla.org/en-US/firefox/addon/1passcanner/?src=search
die-startseite.net,https://addons.mozilla.org/en-US/firefox/addon/die-startseite-net/?src=search
Easy DragToGo++,https://addons.mozilla.org/en-US/firefox/addon/easy-dragtogo-plus-plus/?src=search
SilveOS Firefox addon,https://addons.mozilla.org/en-US/firefox/addon/silveoswidget/?src=search
Decodex Insoumis,https://addons.mozilla.org/en-US/firefox/addon/decodex-insoumis/?src=search
S7 Airlines,https://addons.mozilla.org/en-US/firefox/addon/s7-airlines/?src=search
Safe Lagoon WebCenter Access,https://addons.mozilla.org/en-US/firefox/addon/safe-lagoon-webcenter-access/?src=search
Songdrop,https://addons.mozilla.org/en-US/firefox/addon/songdrop/?src=search
Finthouse Toolbar,https://addons.mozilla.org/en-US/firefox/addon/finthouse-toolbar/?src=search
External Video,https://addons.mozilla.org/en-US/firefox/addon/external-video/?src=search
MirrorNinja,https://addons.mozilla.org/en-US/firefox/addon/mirrorninja/?src=search
DownloadStudio Firefox Integration,https://addons.mozilla.org/en-US/firefox/addon/downloadstudio-firefox-integra/?src=search
Family and Kids friendly search engine Google+Bing,https://addons.mozilla.org/en-US/firefox/addon/ahdle/?src=search
sepsis-console,https://addons.mozilla.org/en-US/firefox/addon/sepsis-console/?src=search
MathEval,https://addons.mozilla.org/en-US/firefox/addon/matheval/?src=search
Port Scanner,https://addons.mozilla.org/en-US/firefox/addon/port-scanner/?src=search
viRoomie,https://addons.mozilla.org/en-US/firefox/addon/viroomie/?src=search
Limit Tabs to 2,https://addons.mozilla.org/en-US/firefox/addon/limit-tabs-to-2/?src=search
"MediaPimp - Internet Radio, Save Videos, and more",https://addons.mozilla.org/en-US/firefox/addon/mediapimp-internet-radio-save-/?src=search
Videoflix,https://addons.mozilla.org/en-US/firefox/addon/videoflix/?src=search
Schnellzugriff,https://addons.mozilla.org/en-US/firefox/addon/googleman1-6/?src=search
VKeyBoard,https://addons.mozilla.org/en-US/firefox/addon/vkeyboard/?src=search
Major League Gaming MLG Interactive Theme,https://addons.mozilla.org/en-US/firefox/addon/bt-mlg/?src=search
HotKeyTabs,https://addons.mozilla.org/en-US/firefox/addon/HotKeyTabs/?src=search
Music Buddy,https://addons.mozilla.org/en-US/firefox/addon/Music-Buddy/?src=search
Site to Phone,https://addons.mozilla.org/en-US/firefox/addon/site-to-phone/?src=search
Vimkeys,https://addons.mozilla.org/en-US/firefox/addon/vimkeys/?src=search
Grey Google Theme,https://addons.mozilla.org/en-US/firefox/addon/grey-google-theme/?src=search
League of Legends(LoL) For New Tab,https://addons.mozilla.org/en-US/firefox/addon/lol-for-newtab/?src=search
Cascaad Splice,https://addons.mozilla.org/en-US/firefox/addon/cascaad-splice/?src=search
Bagf Media,https://addons.mozilla.org/en-US/firefox/addon/bagf-media/?src=search
AdBusters - AdBlocker + Ad-O-Meter,https://addons.mozilla.org/en-US/firefox/addon/ad-busters/?src=search
"Notifications, Messages, & Alerts for Facebook",https://addons.mozilla.org/en-US/firefox/addon/facebook-friend-request-notifi/?src=search
CoVu,https://addons.mozilla.org/en-US/firefox/addon/covu/?src=search
Geenstijl reaguursels extender,https://addons.mozilla.org/en-US/firefox/addon/geenstijl-reaguursels-extender/?src=search
Red Google Theme,https://addons.mozilla.org/en-US/firefox/addon/red-google-theme/?src=search
Webscrobbler with Now Playing Notifications,https://addons.mozilla.org/en-US/firefox/addon/webscrobbler-with-now-playi/?src=search
Accropolis notification Live,https://addons.mozilla.org/en-US/firefox/addon/accropolis-notification-live/?src=search
BMPage,https://addons.mozilla.org/en-US/firefox/addon/bmpage/?src=search
Blue Google Theme,https://addons.mozilla.org/en-US/firefox/addon/blue-google-theme/?src=search
"Screenshot Pimp - Screengrab, Screen Shots, & Save Selection",https://addons.mozilla.org/en-US/firefox/addon/screenshot-pimp-screengrab-scr/?src=search
U-Plas,https://addons.mozilla.org/en-US/firefox/addon/ucursos/?src=search
Movie Info @ Portitle,https://addons.mozilla.org/en-US/firefox/addon/movie-info-portitle/?src=search
Droid Manager,https://addons.mozilla.org/en-US/firefox/addon/droid-manager/?src=search
Reframe It,https://addons.mozilla.org/en-US/firefox/addon/reframe-it-1/?src=search
WOT Play Replay,https://addons.mozilla.org/en-US/firefox/addon/wot-play-replay/?src=search
i-Pusher,https://addons.mozilla.org/en-US/firefox/addon/i-pusher/?src=search
SiteChat,https://addons.mozilla.org/en-US/firefox/addon/sitechat/?src=search
WokiTalk,https://addons.mozilla.org/en-US/firefox/addon/wokitalk/?src=search
Goatbox for BTC-e,https://addons.mozilla.org/en-US/firefox/addon/goatbox-for-btc-e/?src=search
fireburst (1),https://addons.mozilla.org/en-US/firefox/addon/fireburst-2/?src=search
Conditions,https://addons.mozilla.org/en-US/firefox/addon/revelateur-1/?src=search
Stay Connected With Nexxoss,https://addons.mozilla.org/en-US/firefox/addon/stay-connected-with-nexxoss/?src=search
FoxyShack,https://addons.mozilla.org/en-US/firefox/addon/foxyshack/?src=search
Random Walk,https://addons.mozilla.org/en-US/firefox/addon/random-walk/?src=search
Bookmark on Utopic,https://addons.mozilla.org/en-US/firefox/addon/bookmark-on-utopic/?src=search
Let's Search,https://addons.mozilla.org/en-US/firefox/addon/lets-search/?src=search
Twitter Media Preview,https://addons.mozilla.org/en-US/firefox/addon/twitter-media-preview/?src=search
Inveni - Movie and TV Recommendations.,https://addons.mozilla.org/en-US/firefox/addon/inveni/?src=search
Auf Trollbook posten,https://addons.mozilla.org/en-US/firefox/addon/auf-trollbook-posten/?src=search
SilveOS.com,https://addons.mozilla.org/en-US/firefox/addon/silveoscom/?src=search
Find4Stream,https://addons.mozilla.org/en-US/firefox/addon/find4stream/?src=search
Ads Fund Official Add-on,https://addons.mozilla.org/en-US/firefox/addon/ads-fund-official-add-on/?src=search
Shortcuts Package Context Menu,https://addons.mozilla.org/en-US/firefox/addon/shortcuts-package-context-m/?src=search
SigBuzz Email Signature Marketing (Gmail & G Apps),https://addons.mozilla.org/en-US/firefox/addon/sigbuzz-email-signature-gmail/?src=search
Profound.Censor,https://addons.mozilla.org/en-US/firefox/addon/profoundcensor/?src=search
JVCReworked,https://addons.mozilla.org/en-US/firefox/addon/jvcreworked/?src=search
FireICE,https://addons.mozilla.org/en-US/firefox/addon/fireice/?src=search
AtomicStudios,https://addons.mozilla.org/en-US/firefox/addon/atomicstudios/?src=search
Ecouter la RADIO sur le Web !,https://addons.mozilla.org/en-US/firefox/addon/radio-en-ligne/?src=search
MySocialCloud,https://addons.mozilla.org/en-US/firefox/addon/mysocialcloud/?src=search
Flimby,https://addons.mozilla.org/en-US/firefox/addon/flimby/?src=search
SWEEDOM,https://addons.mozilla.org/en-US/firefox/addon/sweedom/?src=search
DOBBS: DERI Online Browsing Behavior Study,https://addons.mozilla.org/en-US/firefox/addon/dobbs/?src=search
Flashblocke,https://addons.mozilla.org/en-US/firefox/addon/flashblocke/?src=search
FirefoxGearStick,https://addons.mozilla.org/en-US/firefox/addon/firefoxgearstick/?src=search
Technollo Search Engine,https://addons.mozilla.org/en-US/firefox/addon/technollo-search-engine/?src=search
Google NO PORN Italia,https://addons.mozilla.org/en-US/firefox/addon/google-no-porn-italia/?src=search
Muzi.ch sharing Tool,https://addons.mozilla.org/en-US/firefox/addon/muzich-sharing-tool/?src=search
U-Cursos+,https://addons.mozilla.org/en-US/firefox/addon/ucursosplus/?src=search
HBI - HaterBoardimproved,https://addons.mozilla.org/en-US/firefox/addon/hbi-haterboardimproved/?src=search
Musulman Toolbar,https://addons.mozilla.org/en-US/firefox/addon/musulman-toolbar/?src=search
TTS for Linux,https://addons.mozilla.org/en-US/firefox/addon/tts-for-linux/?src=search
ShareMe,https://addons.mozilla.org/en-US/firefox/addon/share-media-link/?src=search
Get Back Focus from Plugin (for Strokes Plus),https://addons.mozilla.org/en-US/firefox/addon/get-back-focus-from-plugin/?src=search
Firefox - Video Searching Tool Avptube,https://addons.mozilla.org/en-US/firefox/addon/downloading-video/?src=search
cymp3,https://addons.mozilla.org/en-US/firefox/addon/cymp3/?src=search
YouTube Search,https://addons.mozilla.org/en-US/firefox/addon/youtube-search/?src=search
podcast.de,https://addons.mozilla.org/en-US/firefox/addon/podcastde/?src=search
YouTube-IT,https://addons.mozilla.org/en-US/firefox/addon/youtube-it-1/?src=search
YouTubeSearch,https://addons.mozilla.org/en-US/firefox/addon/youtubesearch/?src=search
Web Search optimized for TeacherTube.com,https://addons.mozilla.org/en-US/firefox/addon/web-search-optimized-for-teach/?src=search
ɢoogle Killer,https://addons.mozilla.org/en-US/firefox/addon/google-killer/?src=search
Fandango Movie Search,https://addons.mozilla.org/en-US/firefox/addon/fandango-movie-search/?src=search
Dorble.com,https://addons.mozilla.org/en-US/firefox/addon/dorblecom/?src=search
Fireburst Search,https://addons.mozilla.org/en-US/firefox/addon/fireburst-1/?src=search
SocialBlade Youtube,https://addons.mozilla.org/en-US/firefox/addon/socialblade/?src=search
WikiDict,https://addons.mozilla.org/en-US/firefox/addon/wikidict/?src=search
searx.me,https://addons.mozilla.org/en-US/firefox/addon/searx-me/?src=search
Private secure anonymous search (Google + Bing),https://addons.mozilla.org/en-US/firefox/addon/privatelee/?src=search
