addon_name,addon_url,search_rank,active_user,size,version,release_date,number_review,rating,author_name,author_homepage,validated,platform,search_term
Mercury Reader,https://chrome.google.com/webstore/detail/mercury-reader/oknpjjbmpnndlpmnhmekjpocelpnlfdi,1,1514576,693KiB,4.2.4.0,"April 5, 2017",1245,3.89477911647,https://www.postlight.com,https://www.postlight.com,True,Chrome,reader
Sprint Reader - Speed Reading Extension,https://chrome.google.com/webstore/detail/sprint-reader-speed-readi/kejhpkmainjkpiablnfdppneidnkhdif,2,40737,1.29MiB,2.4,"December 4, 2016",187,4.34759358289,Anthony Nosek,https://www.facebook.com/SprintReader,True,Chrome,reader
BeeLine Reader,https://chrome.google.com/webstore/detail/beeline-reader/ifjafammaookpiajfbedmacfldaiamgg,3,60741,637KiB,1.92.1,"April 3, 2017",144,3.9375,beelinereader.com,http://beelinereader.com,True,Chrome,reader
Reader View,https://chrome.google.com/webstore/detail/reader-view/iibolhpkjjmoepndefdmdlmbpfhlgjpl,4,41301,81.52KiB,0.1.2,"May 8, 2016",382,3.53926701571,newfido.com,http://newfido.com,True,Chrome,reader
Screenshot reader,https://chrome.google.com/webstore/detail/screenshot-reader/enfolipbjmnmleonhhebhalojdpcpdoo,5,1156592,14.85MiB,1.0.4.0,"June 17, 2016",45,3.11111111111,rwchrome.texthelp.com,http://rwchrome.texthelp.com,True,Chrome,reader
RSS Feed Reader,https://chrome.google.com/webstore/detail/rss-feed-reader/pnjaodmkngahhkoihejjehlcdlnohgmp,6,610270,2.6MiB,5.6.6,"December 13, 2016",5891,4.47326430148,feeder.co,http://feeder.co,True,Chrome,reader
Bookshare Web Reader,https://chrome.google.com/webstore/detail/bookshare-web-reader/bkfmjmjngglphchhiemnghidpnddofmo,7,302247,1.93MiB,0.1.19,"August 4, 2015",21,2.90476190476,bookshare-reader.s3.amazonaws.com,http://bookshare-reader.s3.amazonaws.com,True,Chrome,reader
Reader Pro,https://chrome.google.com/webstore/detail/reader-pro/pmbfohjkoinacckcnbgeenegnmdmdcgn,8,3479,125KiB,1.0.3,"May 23, 2016",13,4.07692307692,https://www.wips.com,https://www.wips.com,True,Chrome,reader
Selection Reader (Text to Speech),https://chrome.google.com/webstore/detail/selection-reader-text-to/fdffijlhedcdiblbingmagmdnokokgbi,9,21460,24.01KiB,1.8.4,"April 29, 2017",95,4.05263157895,,,True,Chrome,reader
Markdown Reader,https://chrome.google.com/webstore/detail/markdown-reader/gpoigdifkoadgajcincpilkjmejcaanc,10,24155,1.61MiB,1.0.15,"February 24, 2017",142,4.15492957746,,,True,Chrome,reader
Reader View,https://chrome.google.com/webstore/detail/reader-view/ecabifbgmdmgdllomnfinbmaellmclnh,11,1523,57.06KiB,0.1.0,"November 29, 2016",14,4.28571428571,yokris.dev,http://add0n.com/chrome-reader-view.html,True,Chrome,reader
"RSS Subscription Extension, Reader",https://chrome.google.com/webstore/detail/rss-subscription-extensio/lgdngcfmcehppebgjdkhjgpbdjgipjpb,12,3277,102KiB,0.9.3.1,"January 11, 2017",49,4.42857142857,,,True,Chrome,reader
Dark Reader,https://chrome.google.com/webstore/detail/dark-reader/eimadpbcbfnmbkopoojfekhnkhdbieeh,13,219063,192KiB,3.4.3,"August 6, 2016",1526,4.70249017038,,,True,Chrome,reader
One Click Reader,https://chrome.google.com/webstore/detail/one-click-reader/kjhbohjkjakfgmondddelokdkflcpjco,14,849,26.22KiB,1.0,"April 15, 2016",4,3.25,www.readingmadeez.com,http://www.readingmadeez.com,True,Chrome,reader
BeeLine Reader PDF Viewer,https://chrome.google.com/webstore/detail/beeline-reader-pdf-viewer/pmeknoingfjncbdhempgnkdgojickcko,15,640,695KiB,1.1.674,"September 5, 2016",15,3.6,beelinereader.com,http://beelinereader.com,True,Chrome,reader
FlowPaper Accessible PDF Reader (Beta),https://chrome.google.com/webstore/detail/flowpaper-accessible-pdf/abfbbilkopolofdgekbdfgdmgaljmelb,16,834,2.19MiB,0.9398,"December 16, 2016",4,4.0,https://flowpaper.com,https://flowpaper.com,True,Chrome,reader
The Old Reader Notifier,https://chrome.google.com/webstore/detail/the-old-reader-notifier/flnadglecinohkbmdpeooblldjpaimpo,17,5662,64.56KiB,1.3.1,"February 18, 2017",145,4.62068965517,theoldreader.com,http://theoldreader.com,True,Chrome,reader
"Mozilla PDF Viewer, Reader",https://chrome.google.com/webstore/detail/mozilla-pdf-viewer-reader/dgickihfkjolnjjifepinaaaoejmgpbm,18,22621,36.38KiB,0.9.1.4,"March 17, 2017",70,4.17142857143,,,True,Chrome,reader
EXIF Reader,https://chrome.google.com/webstore/detail/exif-reader/nchnjcdahncnilbicljpnbfobpnljnki,19,10929,69.15KiB,2.7.5.24,"July 30, 2013",184,2.27717391304,,,True,Chrome,reader
Literal - PDF Reader,https://chrome.google.com/webstore/detail/literal-pdf-reader/aobcehhaeapnlhliodjobodhgmemimnl,20,536,436KiB,1.0.12,"April 23, 2017",9,4.0,https://literal.io,https://literal.io,True,Chrome,reader
Chrome Reader View,https://chrome.google.com/webstore/detail/chrome-reader-view/eeblcnjajoammeoofffcejdmklpmfcci,21,7813,41.14KiB,0.0.26,"June 4, 2016",35,3.42857142857,,,True,Chrome,reader
Snap&Read Universal,https://chrome.google.com/webstore/detail/snapread-universal/mloajfnmjckfjbeeofcdaecbelnblden,22,752384,22.02MiB,3.2.1,"April 27, 2017",70,2.82857142857,snapandread.com,http://snapandread.com,True,Chrome,reader
Liverpool FC Reader,https://chrome.google.com/webstore/detail/liverpool-fc-reader/dmapjkjepgghkjajoahicmggbabonhbp,23,9289,90.38KiB,0.5.2,"May 22, 2013",99,4.69696969697,Ian Leckey,http://twitter.com/ianleckey,True,Chrome,reader
Kreeder - speed reader for Kindle,https://chrome.google.com/webstore/detail/kreeder-speed-reader-for/kcidkkkenhfbgbfafekfbghfmomohffl,24,1009,108KiB,0.0.0.7,"September 16, 2015",10,3.1,kreeder.net,http://kreeder.net,True,Chrome,reader
Smiley Reader For Speed Reading,https://chrome.google.com/webstore/detail/smiley-reader-for-speed-r/mpfhnefkmdllbflhfchfmcclhkididpe,25,356,180KiB,1.0.12,"October 13, 2014",9,3.88888888889,Willem van Ketwich,https://github.com/wilvk/SmileyReader,True,Chrome,reader
MagicScroll Web Reader,https://chrome.google.com/webstore/detail/magicscroll-web-reader/ecldhagehndokdmaiaigoaecbmbnmfkc,26,46498,131KiB,3.2,"September 6, 2013",176,4.30681818182,www.magicscroll.net,http://www.magicscroll.net,True,Chrome,reader
Google Reader Open entry in background tab,https://chrome.google.com/webstore/detail/google-reader-open-entry/lcimnckjiicikfpppcgnjhiflibbnbel,27,2445,34.43KiB,0.0.10,"September 8, 2012",81,4.55555555556,gomlog.com,http://gomlog.com,True,Chrome,reader
Digg Reader Notifier,https://chrome.google.com/webstore/detail/digg-reader-notifier/kjlbcodpcgndjcgamkakbddgghcfcmob,28,1144,148KiB,2.3.1,"July 17, 2014",35,4.65714285714,,,True,Chrome,reader
Dyslexia Reader Chrome,https://chrome.google.com/webstore/detail/dyslexia-reader-chrome/npfbahgomodenajejiopcfbggcpkcani,29,2644,103KiB,4.0.0,"November 2, 2015",7,3.85714285714,gameandlearn.org,http://gameandlearn.org,True,Chrome,reader
Reader Mode,https://chrome.google.com/webstore/detail/reader-mode/ihgjiapheabakagbnbaminbheoihgajn,30,10725,206KiB,1.0.9,"May 7, 2015",13,2.76923076923,,,True,Chrome,reader
Best Reader Lite,https://chrome.google.com/webstore/detail/best-reader-lite/koembikcknaennpinkgjadlpbjanbbah,31,304,82.61KiB,3.0,"July 9, 2014",3,4.66666666667,readerssoft.com,http://readerssoft.com,True,Chrome,reader
Natural Reader Button,https://chrome.google.com/webstore/detail/natural-reader-button/cnkchbajabfnleibgfgdcpocpkebhdgd,32,8904,15.09KiB,1.0,"December 22, 2013",7,1.85714285714,,,True,Chrome,reader
RSS Subscription Extension (by Google),https://chrome.google.com/webstore/detail/rss-subscription-extensio/nlbjncdgjeocebhnmkbbbdekmmmcbfjd,33,800246,91.51KiB,2.2.4,"August 25, 2014",3358,4.03603335319,,,True,Chrome,reader
Flipit+ for Digg reader,https://chrome.google.com/webstore/detail/flipit%2B-for-digg-reader/jocffaokphhdcdnlnomnhlioplnddmkm,34,635,59.33KiB,1.2,"November 20, 2013",3,5.0,alon.carmel,http://www.aloncarmel.me,True,Chrome,reader
RSS Reader Style,https://chrome.google.com/webstore/detail/rss-reader-style/gialkacknhjboidnkgappheioemdcona,35,2706,92.92KiB,1.6.1.3,"June 26, 2015",24,4.25,hi0a.com,http://hi0a.com,True,Chrome,reader
read46 2ch reader,https://chrome.google.com/webstore/detail/read46-2ch-reader/nembdipdfeekccgjoidbdiakjbgngfjn,36,10984,121KiB,0.8.4,"April 3, 2015",33,3.84848484848,read46.com,http://read46.com,True,Chrome,reader
VASCO Smart Card Reader Extension,https://chrome.google.com/webstore/detail/vasco-smart-card-reader-e/doaamlfgfbkiofmbmaahkaaipgfmkhkh,37,1356,15.79KiB,2.3.3.0,"May 28, 2015",8,4.375,dp.demo.vasco.com/DP870_EXT,http://dp.demo.vasco.com/DP870_EXT,True,Chrome,reader
Kindle Smart Reader,https://chrome.google.com/webstore/detail/kindle-smart-reader/glocjilifmhjgdlligfiomacjikhhehj,38,355,584KiB,0.0.2,"February 7, 2017",3,3.66666666667,,,True,Chrome,reader
Reader View,https://chrome.google.com/webstore/detail/reader-view/gfaafookaidboehhnhojbebjpjbnnfgl,39,173,74.62KiB,2,"November 25, 2016",2,3.0,www.bernardi.cloud,http://www.bernardi.cloud,True,Chrome,reader
Reader Highlighter,https://chrome.google.com/webstore/detail/reader-highlighter/hnjddmadimhpegdjgfapmbhbppagnblo,40,657,49.89KiB,1.2,"May 9, 2016",6,3.66666666667,MindSky,https://mind.im/reader/,True,Chrome,reader
Comic Rocket Reader,https://chrome.google.com/webstore/detail/comic-rocket-reader/nobnclehifkhpjbbhednlgngflnippim,41,658,394KiB,2.3.0,"April 30, 2015",10,3.3,Markus Averstad,https://www.comic-rocket.com/community-projects/,True,Chrome,reader
Simple RSS Reader [aNTP],https://chrome.google.com/webstore/detail/simple-rss-reader-antp/fpcobagjpehnbbfallbknjhbiinlfikf,42,1513,143KiB,0.1.0,"June 21, 2013",8,2.75,Squirrelbot Games,http://jayfelsman.wix.com/jaredfelsman#!simple-rss-reader-antp/c18tl,True,Chrome,reader
Kindle Optimizer,https://chrome.google.com/webstore/detail/kindle-optimizer/bjfeinekchekdofcdmnfcnbidjkpbgdh,43,3043,86.43KiB,2.0,"April 9, 2017",21,3.71428571429,GetToCode,https://gettocode.com,True,Chrome,reader
Compact Density for Google Reader,https://chrome.google.com/webstore/detail/compact-density-for-googl/jdjfpdedhdobbicjnmefogklhoighnne,44,213,24.71KiB,18,"January 2, 2013",18,3.94444444444,Zachary Yaro,http://zmyaro.com,True,Chrome,reader
Readlang Web Reader,https://chrome.google.com/webstore/detail/readlang-web-reader/odpdkefpnfejbfnmdilmfhephfffmfoh,45,33916,712KiB,0.6.1,"November 24, 2016",105,4.42857142857,readlang.com,http://readlang.com,True,Chrome,reader
Screen Reader for Google Chrome,https://chrome.google.com/webstore/detail/screen-reader-for-google/nddfhonnmhcldcbmhbdldfpkbfpgjoeh,46,5455,86.93KiB,0.6.2,"January 8, 2015",30,2.33333333333,,,True,Chrome,reader
Send to Kindle (by Klip.me),https://chrome.google.com/webstore/detail/send-to-kindle-by-klipme/ipkfnchcgalnafehpglfbommidgmalan,47,107157,237KiB,3.2.5,"April 2, 2013",1056,4.40435606061,klip.me,http://klip.me,True,Chrome,reader
right-click QRcode reader,https://chrome.google.com/webstore/detail/right-click-qrcode-reader/lnhgdalhhjkfmmdjbkhilkinoomigdkc,48,30564,131KiB,0.1.3,"March 11, 2016",34,4.20588235294,,,True,Chrome,reader
Klim Reader,https://chrome.google.com/webstore/detail/klim-reader/ohhhjmgnbneopdlmlhlconocphjmkilf,49,908,2.72MiB,0.1.22,"March 30, 2017",8,4.375,klim.co.nz,http://klim.co.nz,True,Chrome,reader
Read Aloud: A Text to Speech Voice Reader,https://chrome.google.com/webstore/detail/read-aloud-a-text-to-spee/hdhinadidafjejdhmfkjgnolgimiaplp,50,77286,196KiB,0.1.10,"April 30, 2017",59,4.15254237288,LSD Software,https://ken107.github.io/read-aloud/,True,Chrome,reader
Online PDF Reader – PDFfiller,https://chrome.google.com/webstore/detail/online-pdf-reader-%E2%80%93-pdffi/ooifnfadonpfikgbcieofenglmfbppkb,51,383,65.89KiB,0.2.7,"February 20, 2017",1,5.0,https://pdf-reader-online.pdffiller.com,https://pdf-reader-online.pdffiller.com,True,Chrome,reader
Web Page Reader TTS Text To Speech,https://chrome.google.com/webstore/detail/web-page-reader-tts-text/anafkmjpnlnmmengalcgbkkplfpeckia,52,450,110KiB,0.5.5,"October 27, 2016",8,3.0,Cosmologix,http://www.webpagereader.com,True,Chrome,reader
Google Reader Count,https://chrome.google.com/webstore/detail/google-reader-count/fjhaikndbbhaoddgdfjfbodjlppjoflg,53,71,88.48KiB,1.2.6,"September 6, 2012",15,4.6,,,True,Chrome,reader
Piggy Reader,https://chrome.google.com/webstore/detail/%E9%A5%A5%E7%8C%AA%E9%98%85%E8%AF%BB/jfckifkogfenafeakigpkjlifbkklmih,54,110,82.99KiB,1.8.1,"October 6, 2016",4,4.0,,,True,Chrome,reader
Puvath Reader,https://chrome.google.com/webstore/detail/puvath-reader/ljmdddjjglognmjabocecnpejkjfpiii,55,14364,679KiB,1.2,"March 19, 2015",11,5.0,www.puvath.lk,http://www.puvath.lk,True,Chrome,reader
CCTVNEWS News Reader,https://chrome.google.com/webstore/detail/cctvnews-news-reader/hbiiekkabkebfbhnoligkppmfdabeicj,56,1598,114KiB,1.1,"April 19, 2015",6,5.0,,,True,Chrome,reader
Local Rss Reader,https://chrome.google.com/webstore/detail/local-rss-reader/cemddjmmnfebpkpkonmbkdmakilpkcid,57,459,485KiB,0.1.8,"August 12, 2012",8,4.0,,,True,Chrome,reader
Premier Chrome Toolbar,https://chrome.google.com/webstore/detail/premier-chrome-toolbar/aplnccdcmphhefocfbanabnifgcifpdd,58,2447,286KiB,3.0,"March 20, 2017",3,3.66666666667,www.readingmadeez.com,http://www.readingmadeez.com,True,Chrome,reader
Speed Reader,https://chrome.google.com/webstore/detail/speed-reader/ilfodmgfnklehinlndjdjbmhndkhiand,59,57,13.98KiB,1.0,"March 3, 2014",1,5.0,,,True,Chrome,reader
Digg Reader RTL,https://chrome.google.com/webstore/detail/digg-reader-rtl/pilpjbbjiiajfhlnbdgmbdmcafihjnal,60,181,2.74KiB,0.155,"July 19, 2013",6,3.83333333333,,,True,Chrome,reader
2ch Reader Plus【軽量】,https://chrome.google.com/webstore/detail/2ch-reader-plus%E3%80%90%E8%BB%BD%E9%87%8F%E3%80%91/ejdgfnjgcnlijkefghkklkdfdongggid,61,11212,26.92KiB,1.1.9,"April 2, 2014",28,3.17857142857,,,True,Chrome,reader
Speed Reader,https://chrome.google.com/webstore/detail/speed-reader/lldnaebkakpnlnkgpkghncnjlplldmng,62,398,39.39KiB,1.0,"July 30, 2015",4,5.0,,,True,Chrome,reader
Amazon Kindle Cloud Launcher,https://chrome.google.com/webstore/detail/amazon-kindle-cloud-launc/jcgbodahdkhdjdoffeppamiiajmafebp,63,10588,89.29KiB,2.0.5,"February 22, 2014",18,4.05555555556,,,True,Chrome,reader
Source Code Reader,https://chrome.google.com/webstore/detail/source-code-reader/odmaeindnajocepmmfjfconhggagbpnc,64,198,6.52KiB,1.0,"May 18, 2013",1,5.0,pedropombeiro,http://blog.appharbor.com/2012/08/07/source-code-reader-browse-source-code-online,True,Chrome,reader
EJDic Script for Kindle Cloud Reader,https://chrome.google.com/webstore/detail/ejdic-script-for-kindle-c/afeijlgmanpjidpdpbdjjhphchafgccg,65,454,14.15KiB,1.1,"September 16, 2013",1,4.0,ahoten.blogspot.com,http://ahoten.blogspot.com,True,Chrome,reader
Super Reader,https://chrome.google.com/webstore/detail/super-reader/dmebgmpkmmlegcpnokebciejmbeglbih,66,44,78.09KiB,1.0,"March 12, 2014",0,0.0,,,True,Chrome,reader
Feedbro,https://chrome.google.com/webstore/detail/feedbro/mefgmmbdailogpfhfblcnnjfmnpnmdfa,67,9447,1.02MiB,3.23.4,"April 28, 2017",187,4.5614973262,Nodetics,http://nodetics.com/feedbro,True,Chrome,reader
MYDIGIPASS eID card reader extension,https://chrome.google.com/webstore/detail/mydigipass-eid-card-reade/lnplogpjijindegfgdcimondiomejhdl,68,10814,15.73KiB,2.3.4.0,"October 5, 2015",15,2.8,mydigipass.com,http://mydigipass.com,True,Chrome,reader
Minimalist for Everything,https://chrome.google.com/webstore/detail/minimalist-for-everything/bmihblnpomgpjkfddepdpdafhhepdbek,69,54793,14.04MiB,0.7.0,"April 16, 2017",483,4.46169772257,www.anselsantosa.com,http://www.anselsantosa.com,True,Chrome,reader
Text Reader,https://chrome.google.com/webstore/detail/text-reader/pfnbiapkfldkholcaanjkdnfkhemdepi,70,917,240KiB,1.2,"August 20, 2016",11,3.90909090909,,,True,Chrome,reader
Minimalistic Skin for Google Reader,https://chrome.google.com/webstore/detail/minimalistic-skin-for-goo/dfhiknlcgelghapjfaapbmfflebccieb,71,227,991KiB,1.19.1,"March 7, 2013",65,4.53846153846,Thomas Piart,http://tpî.eu,True,Chrome,reader
RSS Subscription Extension,https://chrome.google.com/webstore/detail/rss-subscription-extensio/bmjffnfcokiodbeiamclanljnaheeoke,72,20410,90.58KiB,2.2.5,"June 16, 2013",85,4.4,justin.kelly.org.au,http://justin.kelly.org.au,True,Chrome,reader
Culture Japan Reader,https://chrome.google.com/webstore/detail/culture-japan-reader/ilgibnafkopeickmjeajkghionjaddda,73,767,542KiB,0.3.0.3,"January 31, 2015",25,4.52,Fred,http://www.culturejapan.jp/,True,Chrome,reader
Eat Your Kimchi Nasty Reader,https://chrome.google.com/webstore/detail/eat-your-kimchi-nasty-rea/dikibenjbnodfjbbegeegnlhccgclenc,74,616,642KiB,0.1.12,"November 15, 2013",57,4.82456140351,Fred,http://eatyourkimchi.com,True,Chrome,reader
RSS Feed Reader,https://chrome.google.com/webstore/detail/rss-feed-reader/cdlhhcmmdobckneongkkmgigcimeibpf,75,329,849KiB,1.0,"March 6, 2015",2,1.0,zuhagames,http://www.zuhapps.com,True,Chrome,reader
Magic Reader,https://chrome.google.com/webstore/detail/magic-reader/dgccjjilmaehpmdmabjhhfibbmlaflfd,76,468,87.62KiB,1.4.1,"November 20, 2014",14,4.85714285714,,,True,Chrome,reader
Enable Reader Mode For Chrome,https://chrome.google.com/webstore/detail/enable-reader-mode-for-ch/ihpmhoihanabegohajalbknmnlelnjmh,77,244,30.8KiB,1.0,"April 23, 2016",5,3.2,Business Gas,https://www.businessgas.co.uk/,True,Chrome,reader
LOVE-G RSS Reader,https://chrome.google.com/webstore/detail/love-g-rss-reader/docpnbbbkcjpicndjcndadmnfgnhoicc,78,207,237KiB,0.20.15,"January 26, 2017",4,5.0,progra-man.blogspot.com,http://progra-man.blogspot.com,True,Chrome,reader
Rabbook Reader,https://chrome.google.com/webstore/detail/rabbook-reader/nndomihejeomoigdjeganklacijoolgg,79,1728,591KiB,3.5.4.4,"June 15, 2016",149,4.81208053691,shinemoon,http://mooninsky.net,True,Chrome,reader
AOL Reader Notifier,https://chrome.google.com/webstore/detail/aol-reader-notifier/ngnmeggljaphpedmefdlahnagiojlfka,80,69,20.36KiB,1.0.6,"September 1, 2014",3,2.66666666667,,,True,Chrome,reader
PatentServ Reader,https://chrome.google.com/webstore/detail/patentserv-reader/ddjmepodhbdklbaagbhdpjjncmigbcob,81,84,579KiB,0.9.28,"April 4, 2014",1,5.0,www.patentserv.com,http://www.patentserv.com,True,Chrome,reader
BrassReader,https://chrome.google.com/webstore/detail/brassreader/meifacphlgmgabeemjohjbikegbegelo,82,5021,375KiB,0.1.3,"July 10, 2013",4,3.5,nissimk,https://github.com/nissimk/brassReader,True,Chrome,reader
LDR Utility,https://chrome.google.com/webstore/detail/ldr-utility/fflbhcjdihfppehpgehcodcacibgifae,83,688,84.58KiB,3.0,"February 4, 2016",11,4.81818181818,www.civic-apps.com,http://www.civic-apps.com,True,Chrome,reader
ComicReader,https://chrome.google.com/webstore/detail/%E6%BC%AB%E7%A5%9E%E5%99%A8-comicreader/cnbddbpnpodecpebocgglpagialniepj,84,4893,509KiB,3.4,"August 23, 2016",60,4.71666666667,www.manshenqi.com,http://www.manshenqi.com,True,Chrome,reader
Speedy Readie,https://chrome.google.com/webstore/detail/speedy-readie/aibmmfofaeipbiaocgabhobgedbfdiih,85,6480,475KiB,2.14,"January 9, 2015",60,4.55,andrewmilson.com,http://andrewmilson.com,True,Chrome,reader
Saviscio eID Reader,https://chrome.google.com/webstore/detail/saviscio-eid-reader/kfkbmijfkphkfehjgjkchldojnefgice,86,2855,26.15KiB,1.0.5,"December 19, 2016",7,2.71428571429,https://www.saviscio.be,https://www.saviscio.be,True,Chrome,reader
Unofficial NewsBlur Reader,https://chrome.google.com/webstore/detail/unofficial-newsblur-reade/hnegmjknmfninedmmlhndnjlblopjgad,87,184,594KiB,1.4.6,"September 5, 2014",3,3.33333333333,Matt DeKok,http://www.newsblur.com/,True,Chrome,reader
Tweakers.net Reader,https://chrome.google.com/webstore/detail/tweakersnet-reader/fbplepdahhfmcfgnejjdckpfhmheammh,88,156,446KiB,1.5,"August 18, 2012",1,2.0,,,True,Chrome,reader
Rapid Reader,https://chrome.google.com/webstore/detail/rapid-reader/jggpancjidhgdmjghapfbhhcbjieefgn,89,64,248KiB,1.1,"April 27, 2014",3,5.0,,,True,Chrome,reader
@Voice Add To List,https://chrome.google.com/webstore/detail/voice-add-to-list/bjmgphdochmoojidbjbfigpejidnhhkg,90,1426,27.19KiB,0.0.0.6,"February 20, 2017",20,4.2,www.hyperionics.com,http://www.hyperionics.com,True,Chrome,reader
Felica IDm Receiver Extension for RC-S380,https://chrome.google.com/webstore/detail/felica-idm-receiver-exten/ligpdgneagdblkhcfaknaiembogfppie,91,1283,17.54KiB,3.0.1,"March 5, 2015",7,4.57142857143,,,True,Chrome,reader
Fine Reader,https://chrome.google.com/webstore/detail/fine-reader/bpfcgdneennnohjaielmiiefkbnijibh,92,331,20.71KiB,1.0.2,"November 18, 2013",8,3.625,www.yago.io,http://www.yago.io,True,Chrome,reader
Dark mode / night reader,https://chrome.google.com/webstore/detail/dark-mode-night-reader/hmafjphdklmdjfcnljjeonfpgafanjjc,93,1375,44.02KiB,2017.4.30.2,"April 30, 2017",30,4.53333333333,,,True,Chrome,reader
Olivia Reader,https://chrome.google.com/webstore/detail/olivia-reader/gdnbjigohbkphodaahigcgnfbllpilhj,94,74,278KiB,0.9850,"February 23, 2015",2,4.0,www.oliviareader.com,http://www.oliviareader.com,True,Chrome,reader
AOL Reader Full Feed Extension,https://chrome.google.com/webstore/detail/aol-reader-full-feed-exte/ijonfmgiaclcoadjbkpknoldomiljhkf,95,143,481KiB,0.2.2,"June 6, 2014",2,1.0,slaypni,https://twitter.com/slaypni,True,Chrome,reader
Nullpo 2ch Reader,https://chrome.google.com/webstore/detail/nullpo-2ch-reader/mcgoghfmejmpkmamnddbclbdlcelapae,96,7863,62.32KiB,1.54,"April 26, 2017",17,4.05882352941,,,True,Chrome,reader
Dontprint – paperless printer,https://chrome.google.com/webstore/detail/dontprint-%E2%80%93-paperless-pri/ljngjnbjnhembcemchkkdmdnomoljdgc,97,531,9.22MiB,1.1 beta,"November 15, 2015",4,5.0,www.dontprint.net,http://www.dontprint.net,True,Chrome,reader
Cloud Reader,https://chrome.google.com/webstore/detail/cloud-reader/knlbliicakhgdgifgcimkpakegjdddic,98,30,866KiB,1.0.0.5,"March 2, 2017",9,5.0,,,True,Chrome,reader
WP Reader,https://chrome.google.com/webstore/detail/wp-reader/hopbledoclpdbpodhjocfpagfjoaacke,99,18,42.89KiB,0.6,"November 24, 2015",1,5.0,noahnu,https://github.com/noahnu/wpreader,True,Chrome,reader
Text Reader,https://chrome.google.com/webstore/detail/text-reader/kkmpondnnpnfedbhojodaghbpoklpgfi,100,282,14.52KiB,6.5.5291,"June 29, 2014",8,3.375,,,True,Chrome,reader
HN Reader,https://chrome.google.com/webstore/detail/hn-reader/emgghjnnkkopedbjfajejpkidaiedhlf,101,60,809KiB,0.0.5,"March 12, 2015",3,3.66666666667,chancancode,https://chancancode.github.io/hn-reader/about,True,Chrome,reader
NFC Reader Extension for Win32,https://chrome.google.com/webstore/detail/nfc-reader-extension-for/fpfopfkmppdokphaignimakbaglmbegn,102,346,15.84KiB,1.1.0,"February 24, 2015",9,4.11111111111,YTorii,https://github.com/yosuke1984chrome/chrome_nfcbridge_win32,True,Chrome,reader
Tranquility Reader,https://chrome.google.com/webstore/detail/tranquility-reader/mlbcofjdcpapkhdkchafogjpcnjnfijh,103,55,51.73KiB,3.0.2,"April 19, 2017",0,0.0,arunk,http://tranquility.ushnisha.com,True,Chrome,reader
Only j for livedoor Reader,https://chrome.google.com/webstore/detail/only-j-for-livedoor-reade/ckpbbllodobhhpglnoonclnnpbhpokgf,104,71,3.64KiB,1.0.2,"February 24, 2014",0,0.0,starbug1.com,http://starbug1.com,True,Chrome,reader
Twitch Chat Reader,https://chrome.google.com/webstore/detail/twitch-chat-reader/kajlflbjoafhflgfbpldefdnbhlfdion,105,95,55.83KiB,0.0.4,"May 27, 2016",5,4.8,,,True,Chrome,reader
Speed Reader,https://chrome.google.com/webstore/detail/speed-reader/lpjokkihnnennblbchdhmpkmapbdkinb,106,65,118KiB,0.2,"March 2, 2014",3,2.0,keithmgould,https://github.com/keithmgould/speedreader-chrome-extension,True,Chrome,reader
Androidworld.nl Reader,https://chrome.google.com/webstore/detail/androidworldnl-reader/lpgipkfnaieedjinaphcfkopfcolpoin,107,42,126KiB,1.3.1,"August 18, 2012",3,5.0,superpleziernetworks,http://www.androidworld.nl/forum/ideeenforum/37815-androidworld-nl-reader-chrome-firefox.html,True,Chrome,reader
BazQux Reader: open links in background tab,https://chrome.google.com/webstore/detail/bazqux-reader-open-links/dfoegpibjpjpchgmjnmomelfnclbijnm,108,181,6.92KiB,1.0.7,"September 29, 2016",3,5.0,bazqux.com,http://bazqux.com,True,Chrome,reader
RSS Reader,https://chrome.google.com/webstore/detail/rss-reader/dajjempcbjhhdgbkepjmbbbfcaiehmmd,109,24,113KiB,0.1.36,"October 14, 2016",2,2.5,,,True,Chrome,reader
Unstar All Google Reader™ Starred Items,https://chrome.google.com/webstore/detail/unstar-all-google-reader/cpjmiliephgahdlmfdnnnhpciignoojd,110,63,7.92KiB,1.0,"September 12, 2012",7,4.14285714286,blog.jongallant.com,http://blog.jongallant.com,True,Chrome,reader
QR Code (Generator and Reader),https://chrome.google.com/webstore/detail/qr-code-generator-and-rea/hkojjajclkgeijhcmfjcjkddfjpaimek,111,48600,34.99KiB,1.3.6.6,"April 15, 2017",42,4.59523809524,c7sky.com,http://c7sky.com,True,Chrome,reader
Google Reader - Mark previous as read button,https://chrome.google.com/webstore/detail/google-reader-mark-previo/dpapemciepcmkidddkielpnnbeeddnge,112,41,10.42KiB,0.1,"October 13, 2012",4,4.25,blog.stevenroose.be,http://blog.stevenroose.be,True,Chrome,reader
Rss News Reader,https://chrome.google.com/webstore/detail/rss-news-reader/beimgkdigdafgekepgidmhegjjlacdii,113,772,52.25KiB,2.0,"March 31, 2017",3,5.0,https://rsshaberleri.com,https://rsshaberleri.com,True,Chrome,reader
Shorten by Text United,https://chrome.google.com/webstore/detail/shorten-by-text-united/nagailnkkjbkkibcpbljfhibnhehdjdc,114,5797,1.28MiB,2.1.0,"February 6, 2017",12,4.33333333333,adnanf.tu,https://www.textunited.com/my/shorten-text,True,Chrome,reader
Sea Reader,https://chrome.google.com/webstore/detail/sea-reader/pkfdkkocdbggmnpkmmhcgaalfckfipkh,115,225,19.95KiB,0.1.0,"June 2, 2015",4,2.5,,,True,Chrome,reader
PDFescape Free PDF Editor,https://chrome.google.com/webstore/detail/pdfescape-free-pdf-editor/gdefoklganepljiopdnglodohlgfikkl,116,198375,14.17KiB,0.21,"June 12, 2013",626,3.18051118211,www.pdfescape.com,http://www.pdfescape.com,True,Chrome,reader
arXiv citation,https://chrome.google.com/webstore/detail/arxiv-citation/mnnaellefcaabcmmffenldbcndgbooob,117,4003,34.33KiB,3.7.1,"February 4, 2017",19,4.31578947368,,,True,Chrome,reader
Speed Reader,https://chrome.google.com/webstore/detail/speed-reader/fimfkggneehllccpdfmlaahldjblpabg,118,69,113KiB,1.8.1,"July 14, 2014",3,5.0,,,True,Chrome,reader
Rss Reader,https://chrome.google.com/webstore/detail/rss-reader/nnjanpadbfcllmammcpkfomgemicfifk,119,88,314KiB,2.5,"July 11, 2015",10,4.8,TeknoMobil,http://www.teknomobil.org,True,Chrome,reader
rrss -- R is a reader of RSS feeds,https://chrome.google.com/webstore/detail/rrss-r-is-a-reader-of-rss/kdjijdhlleambcpendblfhdmpmfdbcbd,120,133,450KiB,0.8.0,"March 27, 2017",2,5.0,peter m.,https://github.com/pmarinov/rrss,True,Chrome,reader
feader rss reader,https://chrome.google.com/webstore/detail/feader-rss-reader/jjmabnfahcleackdjddlgmmaoipaoifb,121,442,315KiB,1.1.0.4,"August 21, 2014",16,4.0625,rajesh appalla,http://www.chromerss.com,True,Chrome,reader
ODIS Click-To-Call Device Information Reader,https://chrome.google.com/webstore/detail/odis-click-to-call-device/klchgadlamhedabpngacadmfgkhlfihb,122,164,62.89KiB,1.3,"August 21, 2015",1,3.0,,,True,Chrome,reader
RSS Reader,https://chrome.google.com/webstore/detail/rss-reader/eeapmehbjmpcahmipcacolhecckkmage,123,43,724KiB,1.1,"August 6, 2014",4,4.0,Astaffy.com,http://feedmee.ru,True,Chrome,reader
Lazy Eye Web Reader,https://chrome.google.com/webstore/detail/lazy-eye-web-reader/fgkniocmpnomhobehmdpeompfeolfkgi,124,34,26.18KiB,1.0,"May 18, 2016",0,0.0,www.bltbytes.com,http://www.bltbytes.com,True,Chrome,reader
GeeksForGeeks Reader with Sync,https://chrome.google.com/webstore/detail/geeksforgeeks-reader-with/gfkfdeanpmpgggibmgpfbpmhgmbibcdm,125,111,58.52KiB,5.8,"April 30, 2015",1,5.0,,,True,Chrome,reader
Operative IQ Finger Print Reader Plugin,https://chrome.google.com/webstore/detail/operative-iq-finger-print/kafpnhpkhahnneolfnkpjfoigfcjafne,126,442,16.71KiB,1.2.2,"May 11, 2016",2,5.0,,,True,Chrome,reader
Push to Kindle,https://chrome.google.com/webstore/detail/push-to-kindle/pnaiinchjaonopoejhknmgjingcnaloc,127,56796,22.1KiB,1.7.1,"March 14, 2017",325,4.61538461538,fivefilters.org,http://fivefilters.org,True,Chrome,reader
Tumblr Feed Reader,https://chrome.google.com/webstore/detail/tumblr-feed-reader/aiofpbdhiiikcbgpedjbocljieggpmnj,128,45,95.26KiB,2.5,"June 30, 2016",1,4.0,,,True,Chrome,reader
One Number,https://chrome.google.com/webstore/detail/one-number/cfkohgkpafhkpdcnfadadcibfboapggi,129,14010,375KiB,1.5.6.18,"March 1, 2013",1753,4.69366799772,mzzt.net,http://mzzt.net,True,Chrome,reader
Freadly,https://chrome.google.com/webstore/detail/freadly/dlicmnkddpmmneegaeahbaonpfjdckja,130,334,37.33KiB,1.0.1,"March 20, 2013",5,4.0,,,True,Chrome,reader
Meta Reader,https://chrome.google.com/webstore/detail/meta-reader/bodbimicombkcinchnmcbbhcjjfoookf,131,45,12.36KiB,0.3,"March 7, 2017",1,5.0,,,True,Chrome,reader
After Reader,https://chrome.google.com/webstore/detail/after-reader/manomhglbnajhecamckphhpojakbbdle,132,8,89.89KiB,1.0.3,"December 25, 2014",1,5.0,codef0rmer,http://amitgharat.wordpress.com/2013/03/17/do-not-let-your-reading-habit-die-with-google-reader-introducing-after-reader/,True,Chrome,reader
Morning Reader New Tab,https://chrome.google.com/webstore/detail/morning-reader-new-tab/dhhhilahcdpmdildnfomideijdmjaiip,133,261,6.13KiB,1.3,"July 28, 2015",3,5.0,morningreader.com,http://morningreader.com,True,Chrome,reader
Spreed - speed read the web,https://chrome.google.com/webstore/detail/spreed-speed-read-the-web/ipikiaejjblmdopojhpejjmbedhlibno,134,87650,1.04MiB,2.2.1,"April 5, 2017",639,4.49295774648,www.troyshu.com,http://www.troyshu.com,True,Chrome,reader
Google Reader Shortcut,https://chrome.google.com/webstore/detail/google-reader-shortcut/ejeahfpmbbjocjibdaknobaidkjolfkb,135,41,8.43KiB,1.5,"July 5, 2012",1,5.0,,,True,Chrome,reader
Allmix Notifications Reader,https://chrome.google.com/webstore/detail/allmix-notifications-read/njkhkklibckeemjihddefdloeeeoeojo,136,62,97.58KiB,1.3,"May 1, 2012",3,5.0,allmix.org,http://allmix.org,True,Chrome,reader
Fast Reader,https://chrome.google.com/webstore/detail/fast-reader/okiodagpdhmlhpikmbohgelnmngkhfhm,137,41,1.72MiB,1.1,"June 23, 2013",2,4.0,,,True,Chrome,reader
AMP Accelerated Mobile Page Reader,https://chrome.google.com/webstore/detail/amp-accelerated-mobile-pa/baodpdnidmedcpanneabeldenamaaeoe,138,334,149KiB,1.0.1,"October 18, 2015",6,4.66666666667,dorightdigital.com,http://dorightdigital.com,True,Chrome,reader
Manga Reader Key Correction,https://chrome.google.com/webstore/detail/manga-reader-key-correcti/mifhckgfdpdofammaodohfphlnjopejl,139,25,58.47KiB,1.0,"July 10, 2013",3,4.0,www.shemseddine.com,http://www.shemseddine.com,True,Chrome,reader
Nehan Reader,https://chrome.google.com/webstore/detail/nehan-reader/bebbekgiffjpgjlgkkhmlgheckolmdcf,140,237,5.82MiB,2.4.32,"March 8, 2017",2,4.5,tb.antiscroll.com,http://tb.antiscroll.com,True,Chrome,reader
Just Read,https://chrome.google.com/webstore/detail/just-read/dgmanlpmmkibanfdgjocnabmcaclkmod,141,56915,493KiB,1.0.27,"April 22, 2017",255,4.7137254902,,,True,Chrome,reader
ChromeVox,https://chrome.google.com/webstore/detail/chromevox/kgejglhpjiefppelpmljglcjbhoiplfn,142,180130,2.95MiB,53.0.2784.5,"April 25, 2017",680,2.58088235294,chrome.google.com,http://chrome.google.com,True,Chrome,reader
Lowrise Header for Google Reader,https://chrome.google.com/webstore/detail/lowrise-header-for-google/bahklkfaapjkadbhoddndodlcalpnaee,143,47,9.56KiB,1.1.3,"June 15, 2013",4,5.0,KaoriYa,https://github.com/koron/GoogleReaderLowriseHeader,True,Chrome,reader
Habrahabr reader,https://chrome.google.com/webstore/detail/habrahabr-reader/nnbjhfplkknimonkomifaleclogojjjd,144,113,435KiB,1.0,"March 8, 2013",26,5.0,,,True,Chrome,reader
Digg Reader Dark,https://chrome.google.com/webstore/detail/digg-reader-dark/ceipefohbipmhopdpmjgolkpjmpeknph,145,28,3.21KiB,0.3,"December 13, 2014",1,2.0,,,True,Chrome,reader
Manga reader tracker,https://chrome.google.com/webstore/detail/manga-reader-tracker/bfmldfdibiogkmbkkjgoncklambpcbfk,146,29,592KiB,0.0.1,"June 22, 2015",0,0.0,,,True,Chrome,reader
JavaScript Reader,https://chrome.google.com/webstore/detail/javascript-reader/fncmbbobehcdedodjngmbmampmcgpeco,147,53,68.42KiB,2.60,"April 19, 2016",1,1.0,,,True,Chrome,reader
Serial Speed Reader,https://chrome.google.com/webstore/detail/serial-speed-reader/clmnbpnfedojoahgmdoohcbgclkcbofa,148,155,31.21KiB,0.0.1.3,"August 30, 2013",6,3.16666666667,,,True,Chrome,reader
Spread Speed Reading Extension,https://chrome.google.com/webstore/detail/spread-speed-reading-exte/hpnjoanfahcolkdgnfecmncnlfklnllk,149,2941,131KiB,0.1.5.4,"October 20, 2012",55,3.32727272727,altunyurt,http://github.com/altunyurt/spread/,True,Chrome,reader
Digg Reader RTL,https://chrome.google.com/webstore/detail/digg-reader-rtl/bhpmemlepndbdiiodojidbdgbjgglnkd,150,13,7.14KiB,1.0,"December 26, 2013",1,5.0,smartiolabs.com,http://smartiolabs.com,True,Chrome,reader
Facebook Ghost Reader,https://chrome.google.com/webstore/detail/facebook-ghost-reader/pjfdbpcbeefalapdcpndfkfjmahmilhk,151,144,3.08KiB,2.4,"August 26, 2016",2,5.0,dyrk.org,http://dyrk.org,True,Chrome,reader
JSON Reader,https://chrome.google.com/webstore/detail/json-reader/jfciifdhgcgceafdacclhjfnjoagjnka,152,48,30.36KiB,1.5,"December 12, 2015",1,5.0,,,True,Chrome,reader
Markdown File Reader,https://chrome.google.com/webstore/detail/markdown-file-reader/afcmlpnpmdljjlcpmlcnlokilglejfga,153,47,61.46KiB,0.2,"December 27, 2013",0,0.0,,,True,Chrome,reader
Link Pad,https://chrome.google.com/webstore/detail/link-pad/hmpmgenfomdmebiokconplpaelkeejao,154,383,24.06KiB,0.3.1,"October 21, 2012",13,4.69230769231,,,True,Chrome,reader
Sokhan,https://chrome.google.com/webstore/detail/sokhan/acfjpahjmpjebhaokjdpchkhnkeagndo,155,112,88.99KiB,2.0,"July 7, 2016",3,2.66666666667,,,True,Chrome,reader
Калькулятор,https://chrome.google.com/webstore/detail/%D0%BA%D0%B0%D0%BB%D1%8C%D0%BA%D1%83%D0%BB%D1%8F%D1%82%D0%BE%D1%80/gminfkdpejmfkjnelbapfofhkpkomcap,156,6785,61.85KiB,1.0.6,"April 25, 2017",11,4.36363636364,best-calc.ru,http://best-calc.ru,True,Chrome,reader
Medscape Medical Updates Reader,https://chrome.google.com/webstore/detail/medscape-medical-updates/cgilomfoabdinnilkcfnagndooofjhfc,157,42,622KiB,2.1,"March 2, 2017",0,0.0,theextensions.blogspot.com,http://theextensions.blogspot.com,True,Chrome,reader
TTSReader X In-Page Text to Speech,https://chrome.google.com/webstore/detail/ttsreader-x-in-page-text/pakknklefcjdhejnffafpeelofiekebg,158,12910,116KiB,1.23,"April 22, 2017",23,4.17391304348,ttsreader.com,http://ttsreader.com,True,Chrome,reader
imdb actor age reader,https://chrome.google.com/webstore/detail/imdb-actor-age-reader/obbibbipcnihedbpfpkpnoceejpppdbf,159,83,42.27KiB,1.1,"December 28, 2016",2,5.0,,,True,Chrome,reader
Seo Tools Seoer,https://chrome.google.com/webstore/detail/seo-tools-seoer/kgnmfcnnlepofchmpainfcojokaleojc,160,301,56.89KiB,1.5.3,"September 6, 2013",28,3.60714285714,shuilai.com,http://shuilai.com,True,Chrome,reader
The Fast Mode RSS Reader,https://chrome.google.com/webstore/detail/the-fast-mode-rss-reader/jkocfkhaglikmlcnhjbandkocbllnpfm,161,62,633KiB,1.0.7,"February 7, 2016",6,5.0,www.thefastmode.com,http://www.thefastmode.com,True,Chrome,reader
Easy Reader,https://chrome.google.com/webstore/detail/easy-reader/paaoeipcpigmkgofoiipanknbpgejiki,162,92,9.44KiB,1.0,"March 20, 2015",2,2.0,,,True,Chrome,reader
Magonote,https://chrome.google.com/webstore/detail/magonote/odgdknbigjpolbjkmpgdibnjodplgdjp,163,20,13.66MiB,0.40,"April 4, 2016",1,5.0,magonote.tokyo,http://magonote.tokyo,True,Chrome,reader
Linkify Code Review URLs for Google Reader™,https://chrome.google.com/webstore/detail/linkify-code-review-urls/lddlkekpgalmadkfkhfnckdgdmolknig,164,30,2.48KiB,2.2,"February 25, 2013",1,1.0,François Beaufort,https://plus.google.com/100132233764003563318,True,Chrome,reader
Readio Speed Reader (beta),https://chrome.google.com/webstore/detail/readio-speed-reader-beta/lgccchgfobnafomjndanbkhjgkgocdob,165,8,199KiB,0.1.3,"December 9, 2016",0,0.0,,,True,Chrome,reader
XKCD Reader,https://chrome.google.com/webstore/detail/xkcd-reader/domkhniphkbfickmhkjkfachkcjejhee,166,28,11.87KiB,1.0,"February 17, 2014",1,5.0,,,True,Chrome,reader
Immersion Reader,https://chrome.google.com/webstore/detail/immersion-reader/fklmaanhjbaofmjodipnfllfjghllcpc,167,13,282KiB,0.3.1,"February 9, 2017",2,5.0,,,True,Chrome,reader
hNews Reader,https://chrome.google.com/webstore/detail/hnews-reader/khhjghdjogbdabkenhbhpaheojjlhedo,168,66,36.47KiB,0.9.1,"July 7, 2012",0,0.0,,,True,Chrome,reader
Wordpress Fullscreen Reader,https://chrome.google.com/webstore/detail/wordpress-fullscreen-read/jokgafldheppajfncfjheafoemjcbmoh,169,38,47.79KiB,0.8.1,"September 24, 2015",1,5.0,,,True,Chrome,reader
The Old Reader Fullscreen,https://chrome.google.com/webstore/detail/the-old-reader-fullscreen/agpfmaecljlicbblpfpdijgkminmiobi,170,54,64.51KiB,1.0,"October 24, 2013",1,4.0,,,True,Chrome,reader
URL2QR,https://chrome.google.com/webstore/detail/url2qr/nkiecajlaphenndjpfjoeldeljkgpjec,171,591,44.98KiB,1.0,"November 10, 2015",4,3.75,,,True,Chrome,reader
Circuit Extender,https://chrome.google.com/webstore/detail/circuit-extender/hmedcpdcnebaeddjppkhkmfkdoondoep,172,977,457KiB,1.9.3.0,"April 1, 2017",16,4.9375,,,True,Chrome,reader
AOL Reader - 'v' opens in new tab extension,https://chrome.google.com/webstore/detail/aol-reader-v-opens-in-new/bahnegjnmeonpdekjdgfnbkopdnnjgmc,173,18,18.05KiB,1.0,"October 26, 2013",3,2.66666666667,,,True,Chrome,reader
Dark Theme Everywhere,https://chrome.google.com/webstore/detail/dark-theme-everywhere/nibjplbnmmklkfnkpecgbffkifmdbjed,174,3452,1.24MiB,6.0.0,"June 29, 2016",56,4.21428571429,rileyjshaw.com,http://rileyjshaw.com,True,Chrome,reader
Page Reader,https://chrome.google.com/webstore/detail/page-reader/afokdhhgekbckelmkfegdggbeohdbnge,175,52,32.98KiB,0.1,"November 17, 2016",1,3.0,,,True,Chrome,reader
BBC News Updates - Rss Reader,https://chrome.google.com/webstore/detail/bbc-news-updates-rss-read/eecafijgghldeeanfnhdmppmjcnoldnj,176,565,377KiB,1.0.6,"December 21, 2015",2,4.5,,,True,Chrome,reader
Reader Self Feeder,https://chrome.google.com/webstore/detail/reader-self-feeder/lnjjeiphdakecehcmeincfglpaabdiaf,177,17,311KiB,1.2.2,"October 21, 2013",0,0.0,readerself.com,http://readerself.com,True,Chrome,reader
Text & Image to EPUB,https://chrome.google.com/webstore/detail/text-image-to-epub/kpicnocpchcoefkhhfchhiapibcbdbad,178,1298,119KiB,1.3,"June 6, 2016",2,3.0,,,True,Chrome,reader
Idiom - English Reader,https://chrome.google.com/webstore/detail/idiom-english-reader/pfajlhihbjkkombfboempehkldaipcab,179,41,43.12KiB,1.0.0,"September 29, 2016",1,4.0,getidiom.com,http://getidiom.com,True,Chrome,reader
Livedoor Reader Pin Push for Chrome,https://chrome.google.com/webstore/detail/livedoor-reader-pin-push/opmnheodgmjdcpiciifndlaikfecdmja,180,10,46.82KiB,0.1,"March 13, 2014",0,0.0,,,True,Chrome,reader
PHP Reader,https://chrome.google.com/webstore/detail/php-reader/bmamlkopkfbjpmbmlofcoelnpoheafgo,181,39,103KiB,2.60,"April 19, 2016",0,0.0,,,True,Chrome,reader
Comics Reader,https://chrome.google.com/webstore/detail/comics-reader/bklgednckimmhomhlbdmdhffoamaafib,182,29,1.41MiB,0.9.12,"December 5, 2016",4,5.0,Yukai Huang,https://comicsreader.github.io/,True,Chrome,reader
Snail OWA Reader,https://chrome.google.com/webstore/detail/snail-owa-reader/debmdfjkbgcceocijhhbojdjeeefpcab,183,18,92.16KiB,2.0,"August 28, 2015",0,0.0,,,True,Chrome,reader
TwitterRssGetter,https://chrome.google.com/webstore/detail/twitterrssgetter/afhapaeohhonpfckpeffnnkpfjhjpfbh,184,96,57.82KiB,1.15,"October 26, 2012",3,5.0,,,True,Chrome,reader
Foxish live RSS,https://chrome.google.com/webstore/detail/foxish-live-rss/jpgagcapnkccceppgljfpoadahaopjdb,185,10478,134KiB,4.2,"January 26, 2017",220,4.05454545455,david hamp-gonsalves,http://www.davidhampgonsalves.com,True,Chrome,reader
SplashReader: Speed Reading with Breaks,https://chrome.google.com/webstore/detail/splashreader-speed-readin/poilkhacfacheblaajlfkdclgbpjolmd,186,109,171KiB,3.4.0,"September 7, 2016",4,4.0,rattray.alex,http://splashreaderapp.com,True,Chrome,reader
Night Reader,https://chrome.google.com/webstore/detail/night-reader/oedepfdhcakemgfedefnaccnifpnljmb,187,10,74.27KiB,1.7.1,"April 14, 2017",0,0.0,,,True,Chrome,reader
English dictionary translate pronunciation,https://chrome.google.com/webstore/detail/english-dictionary-transl/neomigpibafpboiknmijddgnncengfnm,188,37853,226KiB,3.3.8,"April 16, 2017",1448,4.75138121547,https://ziteboard.com,https://ziteboard.com,True,Chrome,reader
Readr for Reddit,https://chrome.google.com/webstore/detail/readr-for-reddit/molhdaofohigaepljchpmfablknhabmo,189,5559,106KiB,0.2.3,"December 20, 2014",212,4.94811320755,Saransh Sinha,http://codepen.io/saransh/full/qEOLKj/,True,Chrome,reader
News - Rss Reader,https://chrome.google.com/webstore/detail/news-rss-reader/jfeobdmdoohcjgafppibgoomhpjemeah,190,31,718KiB,1.1.2,"April 2, 2014",1,5.0,,,True,Chrome,reader
FavTool - RSS reader,https://chrome.google.com/webstore/detail/favtool-rss-reader/nkfjipggkhpidpfjkebilofoficeemdl,191,27,63.72KiB,1.0,"September 16, 2012",1,5.0,favtool.com,http://favtool.com,True,Chrome,reader
Contract Reader,https://chrome.google.com/webstore/detail/contract-reader/gppgfopgkkiingembkklfojffngjephn,192,12,14.05MiB,0.0.3,"October 21, 2015",0,0.0,,,True,Chrome,reader
Inoreader Companion,https://chrome.google.com/webstore/detail/inoreader-companion/kfimphpokifbjgmjflanmfeppcjimgah,193,28995,251KiB,3.2.1,"July 18, 2016",288,4.76041666667,inoreader.com,http://inoreader.com,True,Chrome,reader
Wiki Social Reader,https://chrome.google.com/webstore/detail/wiki-social-reader/cahjbdfenbapdjdonajgficiglkiicaj,194,4,340KiB,0.5.8.8,"August 5, 2012",1,5.0,WikiSocialReader,http://www.wikisocialreader.com,True,Chrome,reader
Slick RSS,https://chrome.google.com/webstore/detail/slick-rss/ealjoljnibpdkocmldliaoojpgdkcdob,195,28729,100KiB,2.993,"August 6, 2012",495,4.28484848485,,,True,Chrome,reader
Foxish live RSS,https://chrome.google.com/webstore/detail/foxish-live-rss/nbhdikhnaigcdlamenbgkmllgmfnngoi,196,4108,134KiB,4.1,"October 14, 2014",48,3.72916666667,www.davidhampgonsalves.com,http://www.davidhampgonsalves.com,True,Chrome,reader
BlogTruyen Reader,https://chrome.google.com/webstore/detail/blogtruyen-reader/pplkdbdlighiaflmadciihlnemjjgide,197,21,46.15KiB,1.2,"June 2, 2015",0,0.0,,,True,Chrome,reader
BVI Reader,https://chrome.google.com/webstore/detail/bvi-reader/dcakhpbfcemcakejhpajpibpbaadlehc,198,15,89.95KiB,1.0,"August 1, 2014",3,5.0,cs.iupui.edu/~grpatil,http://cs.iupui.edu/~grpatil,True,Chrome,reader
Webreads,https://chrome.google.com/webstore/detail/webreads/ecgddeodcdflfnmnblpobcmoifdhbbli,199,29,141KiB,1.2,"July 25, 2015",3,3.33333333333,www.reader.solutions,http://www.reader.solutions,True,Chrome,reader
Facebook Link Reader,https://chrome.google.com/webstore/detail/facebook-leitor-de-link/lmngeihfpmeknmicbkbkijcfknelmadl,200,19,50.85KiB,0.1.19,"February 14, 2017",1,5.0,,,True,Chrome,reader
Unburner,https://chrome.google.com/webstore/detail/unburner/nffehaffffkpgiloohpklpanbfhnkocb,201,168,7.81KiB,0.4,"January 7, 2013",16,4.8125,zack,http://github.com/zackola/unburner,True,Chrome,reader
Wikimedia Reader,https://chrome.google.com/webstore/detail/wikimedia-reader/lclegfmhkjbcpiikogacbfbpdgfbdifi,202,15,2.89MiB,1.7,"January 25, 2015",2,5.0,Webysther Nunes,https://github.com/Webysther/WikiLeituraLimpa/,True,Chrome,reader
CodeProject Article Reader,https://chrome.google.com/webstore/detail/codeproject-article-reade/ahlafaphgbmmbiabcdecifalepbcobgl,203,126,87.51KiB,1.0.2,"June 1, 2016",1,5.0,vincechan.me,http://vincechan.me,True,Chrome,reader
Webstandards Mailing List Reader,https://chrome.google.com/webstore/detail/webstandards-mailing-list/kapkofkiggcefopeamfcpkkgfjjhmamf,204,152,12.82KiB,2.0.3,"September 30, 2013",2,4.0,Anselm Hannemann,https://github.com/anselmh/MLReader,True,Chrome,reader
Wikipedia Inline References,https://chrome.google.com/webstore/detail/wikipedia-inline-referenc/apelegaobhcbjnhfhhhjielpgajjdlij,205,25,8.06KiB,0.1,"September 30, 2014",1,3.0,,,True,Chrome,reader
Related Content by Zemanta,https://chrome.google.com/webstore/detail/related-content-by-zemant/fejeknoakjeblidffkajbioncodnmhge,206,14397,140KiB,2.2.5,"March 10, 2017",180,3.98333333333,www.zemanta.com,http://www.zemanta.com,True,Chrome,reader
Reader Self Notifier,https://chrome.google.com/webstore/detail/reader-self-notifier/ekiehkdmjondgblicoaolfialehhdkoc,207,8,299KiB,1.5.5,"February 15, 2014",0,0.0,readerself.com,http://readerself.com,True,Chrome,reader
Google Reader Link Restorer,https://chrome.google.com/webstore/detail/google-reader-link-restor/ifdngmopbhoelbndpjdcmhikmnonfoij,208,7,105KiB,1.5,"April 3, 2013",0,0.0,,,True,Chrome,reader
standaard plus reader,https://chrome.google.com/webstore/detail/standaard-plus-reader/bpnmhjjbecbifccngjidhfogidommncd,209,17,152KiB,0.2,"February 13, 2017",0,0.0,,,True,Chrome,reader
LDR open in background tab,https://chrome.google.com/webstore/detail/ldr-open-in-background-ta/aefadfcnpjaefdaiehodicpgmlocijcp,210,202,4.71KiB,1.1.0,"January 29, 2016",1,5.0,https://mono0x.net,https://mono0x.net,True,Chrome,reader
UltraCompact,https://chrome.google.com/webstore/detail/ultracompact/bdcegdehdhinfdapnphdijjcpjeldlga,211,36,33.86KiB,1.4.6,"April 9, 2013",3,2.33333333333,Etienne,https://plus.google.com/115186015066511844533,True,Chrome,reader
LinkableNews,https://chrome.google.com/webstore/detail/linkablenews/bngcfdbjijaaiejpmkgdklefnfapnhpm,212,11,333KiB,1.2.8,"January 1, 2014",1,5.0,,,True,Chrome,reader
Task List and Feed Reader,https://chrome.google.com/webstore/detail/task-list-and-feed-reader/igiphijnjbhhpkbdgmjdlfdoacojddig,213,14,4.88KiB,1.0,"June 19, 2013",1,4.0,www.phloxblog.in,http://www.phloxblog.in,True,Chrome,reader
Auto Scroll,https://chrome.google.com/webstore/detail/auto-scroll/eochlhpceohhhfogfeladaifggikcjhk,214,9776,88.11KiB,0.2.3,"August 22, 2012",70,3.6,dekuyou.ddo.jp/knowledge,http://dekuyou.ddo.jp/knowledge,True,Chrome,reader
Feed RSS Subscription,https://chrome.google.com/webstore/detail/feed-rss-subscription/phphbehbfcikadlbpmheeoljoknnadln,215,147,104KiB,2.2.5,"March 29, 2017",0,0.0,search.gikix.com,http://search.gikix.com,True,Chrome,reader
Encrypto-Blog Reader,https://chrome.google.com/webstore/detail/encrypto-blog-reader/codjdpidpokicflnohcfdjfcanliipoe,216,11,181KiB,1.4.1,"July 7, 2013",1,5.0,,,True,Chrome,reader
Tab url reader and opener,https://chrome.google.com/webstore/detail/tab-url-reader-and-opener/fodjpnjccjliapgmfjlcjnolcdolgemd,217,10,143KiB,0.7.0,"February 9, 2017",1,5.0,,,True,Chrome,reader
Texas Bible - 2nd Person Plural Y'all,https://chrome.google.com/webstore/detail/texas-bible-2nd-person-pl/hecahobcfkfdpifomfgoikegbeeiolmd,218,856,351KiB,1.3.1,"May 24, 2013",16,4.3125,j.hn,http://j.hn,True,Chrome,reader
no.tify,https://chrome.google.com/webstore/detail/notify/cepkiiaikapljlmgjlipdnafoeojbepp,219,6143,389KiB,1.15,"January 29, 2013",4,3.5,mauricelam.com,http://mauricelam.com,True,Chrome,reader
Digg,https://chrome.google.com/webstore/detail/digg/jilldpbanhfjgelnkkkdeafaadbdackp,220,3991,75.08KiB,0.2.1,"September 24, 2013",34,3.82352941176,digg.com,http://digg.com,True,Chrome,reader
LongClick New Tab,https://chrome.google.com/webstore/detail/longclick-new-tab/jphlcgnallcfbnpgmblmlmkehbffnoph,221,3320,11.91KiB,2.1,"October 3, 2012",74,4.05405405405,thenickreynolds,http://nickreynolds.net/project/longclick-new-tab/,True,Chrome,reader
Revelation Reader,https://chrome.google.com/webstore/detail/revelation-reader/loclkfadndinjlhbkbdbidjdfohalcic,222,10,1.11MiB,0.2.1,"April 9, 2013",0,0.0,ponderer.org,http://ponderer.org,True,Chrome,reader
Easy Reader,https://chrome.google.com/webstore/detail/easy-reader/ocpbpimmnofjhbndepojnoppbgapammh,223,12,246KiB,1.0,"December 30, 2012",0,0.0,,,True,Chrome,reader
Words Discoverer: Expand your vocabulary,https://chrome.google.com/webstore/detail/words-discoverer-expand-y/noncaeikjgpbdeoocblijjgegnobogib,224,546,633KiB,2.9.0.2,"April 26, 2017",10,5.0,aided reading,https://github.com/mechatroner/aided_reading,True,Chrome,reader
Shoyu RSS/Atom Feed Preview,https://chrome.google.com/webstore/detail/shoyu-rssatom-feed-previe/ilicaedjojicckapfpfdoakbehjpfkah,225,2836,51.38KiB,2.0.3.17,"March 4, 2014",40,4.475,cmacgreg,http://code.google.com/p/shoyu/,True,Chrome,reader
gazzetaGranata News Reader,https://chrome.google.com/webstore/detail/gazzetagranata-news-reade/cbdkpeljggjcbjeallmoomggadoebbfh,226,47,40.06KiB,2.1,"November 22, 2014",0,0.0,www.gazzettagranata.com,http://www.gazzettagranata.com,True,Chrome,reader
metalmouth,https://chrome.google.com/webstore/detail/metalmouth/bmogbhmnbehfapbmjlaoflagfobahfli,227,3880,164KiB,2.1.6,"November 11, 2014",15,3.4,Evaluera Ltd,http://code.google.com/p/metalmouth/,True,Chrome,reader
Hand Tool,https://chrome.google.com/webstore/detail/hand-tool/paflchebahgbgeambpbhoieeanaddehf,228,3014,89.44KiB,1.3.0,"December 18, 2014",49,3.5306122449,,,True,Chrome,reader
Diablo 3 (tm) Toolbox,https://chrome.google.com/webstore/detail/diablo-3-tm-toolbox/jdgfidddcehboihddlggjiiakhbpanpf,229,2362,374KiB,1.0.6.2,"February 24, 2013",27,4.18518518519,Stefan Hueg,http://www.codengine.de,True,Chrome,reader
9GAG Reader,https://chrome.google.com/webstore/detail/9gag-reader/cbaihkedngghfcfcnipdpijldbeonlnd,230,3,1.33MiB,1.0,"June 18, 2015",0,0.0,,,True,Chrome,reader
Ampare PDF Speech Reader For Google Chrome,https://chrome.google.com/webstore/detail/ampare-pdf-speech-reader/ieinjalffhkdibhgeajjbejknamgnphm,231,4,402KiB,1.2,"February 5, 2017",0,0.0,Juthawong Naisanguansee,http://www.juthawong.com,True,Chrome,reader
Pundit,https://chrome.google.com/webstore/detail/pundit/oblofgmmhnjplahhlebchjjgnjfkicch,232,74,13.33KiB,0.2,"December 15, 2014",4,3.5,Billy Shaw Susanto,http://pundit-nyt-reader.herokuapp.com/pundit,True,Chrome,reader
Buffer,https://chrome.google.com/webstore/detail/buffer/noojglkidnpfjbincgijbaiedldjfbhh,233,461804,191KiB,3.3.6,"April 24, 2017",2776,4.74567723343,buffer.com,http://buffer.com,True,Chrome,reader
Vkpd - New Wikipedia Reader!,https://chrome.google.com/webstore/detail/vkpd-new-wikipedia-reader/dikjlfancmlhmiiphnefkncdeohjhfbk,234,6,4.3MiB,0.0.2,"January 13, 2017",5,5.0,,,True,Chrome,reader
قارئ الشاشة للصم - Screen Reader for Deaf,https://chrome.google.com/webstore/detail/%D9%82%D8%A7%D8%B1%D8%A6-%D8%A7%D9%84%D8%B4%D8%A7%D8%B4%D8%A9-%D9%84%D9%84%D8%B5%D9%85-screen-r/hfahkongenohohnpnaogbbhackhbanba,235,34,59.21KiB,0.0.0.6,"May 28, 2016",2,5.0,deaftakhatob.com,http://deaftakhatob.com,True,Chrome,reader
YFunnel Text-to-speech Reader,https://chrome.google.com/webstore/detail/yfunnel-text-to-speech-re/dcgpoglcfggeghbfkmofahddeaebhobj,236,30,495KiB,0.6,"November 6, 2015",4,3.0,www.yfunnel.com,http://www.yfunnel.com,True,Chrome,reader
Redd Reader,https://chrome.google.com/webstore/detail/redd-reader/pbhecjpnbjokeahpnaifpbjihffikbpd,237,5,69.35KiB,4.4.2,"August 19, 2015",2,5.0,chesterholtz.me,http://chesterholtz.me,True,Chrome,reader
FB Birth Year Reader,https://chrome.google.com/webstore/detail/fb-birth-year-reader/apbichniefnfobmjfeidjhjiomkohpcl,238,7,5.66KiB,1.0,"April 1, 2015",0,0.0,,,True,Chrome,reader
CocoChat - Secure Facebook chat reader,https://chrome.google.com/webstore/detail/cocochat-secure-facebook/kpplcokngoekhpbghjdbkggogheoegel,239,30,30.99KiB,0.1,"July 19, 2015",3,3.66666666667,,,True,Chrome,reader
Alternate Tab Order,https://chrome.google.com/webstore/detail/alternate-tab-order/ogppakblncmgfgonnlheigoghllopopb,240,1269,15.63KiB,1.0.13,"February 8, 2015",10,4.8,www.techknight.com,http://www.techknight.com,True,Chrome,reader
gazzetaRossonera News Reader,https://chrome.google.com/webstore/detail/gazzetarossonera-news-rea/gljjoionbpkehhfpppkecppejfknlfdd,241,27,55.85KiB,1.0,"October 20, 2015",2,5.0,www.gazzettarossonera.it,http://www.gazzettarossonera.it,True,Chrome,reader
Panda 5 | News & Inspiration Dashboard,https://chrome.google.com/webstore/detail/panda-5-news-inspiration/haafibkemckmbknhfkiiniobjpgkebko,242,75718,3.66MiB,5.2.141,"April 20, 2017",325,4.04923076923,usepanda.com,http://usepanda.com,True,Chrome,reader
CommaFeed,https://chrome.google.com/webstore/detail/commafeed/bpbfpjiciblcfeganojjkfapnllbhdga,243,955,10.52KiB,1.4,"May 27, 2013",24,4.66666666667,commafeed.com,http://commafeed.com,True,Chrome,reader
Blog Comment Killfile,https://chrome.google.com/webstore/detail/blog-comment-killfile/kpoilnkelonbaapoapibddjaojohnpjf,244,1232,27.55KiB,0.2.11,"February 25, 2017",19,4.10526315789,fizbin,https://github.com/fizbin/killfile-extension,True,Chrome,reader
XaLuan News Tin Tức Mới Việt Nam,https://chrome.google.com/webstore/detail/xaluan-news-tin-t%E1%BB%A9c-m%E1%BB%9Bi-v/hkoceeceohpdmfaiojmncgidniimcmij,245,875,95.96KiB,1.3,"September 20, 2016",24,4.83333333333,www.xaluan.com,http://www.xaluan.com,True,Chrome,reader
InoReader Enhancements,https://chrome.google.com/webstore/detail/inoreader-enhancements/gplhofhphfekaflbghoggkbgfoblaamo,246,897,35.97KiB,2015.4.8.1,"April 8, 2015",12,4.83333333333,tambnguyen.com,http://tambnguyen.com,True,Chrome,reader
DocSharePoint,https://chrome.google.com/webstore/detail/docsharepoint/ehpcjkebhdmdjogaggjbdiapfhlmnkkm,247,1292,63.39KiB,1.1.0,"January 29, 2013",3,3.66666666667,www.docsharepoint.com,http://www.docsharepoint.com,True,Chrome,reader
dotEPUB,https://chrome.google.com/webstore/detail/dotepub/okpfiebkkmjcnodegbbbiellepfhoglm,248,64534,26.18KiB,1.2.3,"March 15, 2017",239,3.92050209205,dotepub.com,http://dotepub.com,True,Chrome,reader
Olivia Reader - For Schools,https://chrome.google.com/webstore/detail/olivia-reader-for-schools/aohbbjhbflljbbfjjoffkeopbcpngkdl,249,4,278KiB,0.9851,"February 24, 2015",0,0.0,www.oliviareader.com,http://www.oliviareader.com,True,Chrome,reader
Feedly Notifier,https://chrome.google.com/webstore/detail/feedly-notifier/egikgfbhipinieabdmcpigejkaomgjgb,250,44136,1.54MiB,2.14.2,"April 27, 2017",320,4.503125,olsh.github.io/Feedly-Notifier,http://olsh.github.io/Feedly-Notifier,True,Chrome,reader
Westwood Calendar Reader,https://chrome.google.com/webstore/detail/westwood-calendar-reader/omhngenenhhfbahbjplkkegmoflpildn,251,3,27.77KiB,0.1,"September 2, 2015",0,0.0,qrules.dev,https://github.com/Qrules/westwood_calendar_reader_chrome_extension,True,Chrome,reader
FC Bayern München News,https://chrome.google.com/webstore/detail/fc-bayern-m%C3%BCnchen-news/iapdfhpobaiijcgaoanmjhflkgdnfbpl,252,580,171KiB,0.1.30,"July 20, 2016",34,4.88235294118,https://www.kaistudios.com,https://www.kaistudios.com,True,Chrome,reader
lumio - highlight what matters,https://chrome.google.com/webstore/detail/lumio-highlight-what-matt/hgomdfbclcjpeecbjckbbojbmmjegpek,253,27106,5.71MiB,4.0.6,"April 22, 2017",186,4.38709677419,lumioapp.com,http://lumioapp.com,True,Chrome,reader
QRTrans,https://chrome.google.com/webstore/detail/qrtrans/aljgmbpcdmgelhkanifjjbgdkohoefme,254,832,65.35KiB,1.0.0,"May 27, 2013",3,2.33333333333,www.civic-apps.com,http://www.civic-apps.com,True,Chrome,reader
Type-ahead-find,https://chrome.google.com/webstore/detail/type-ahead-find/cpecbmjeidppdiampimghndkikcmoadk,255,19660,15.38KiB,0.4.3,"November 28, 2014",343,4.48104956268,tokland,http://code.google.com/p/chrome-type-ahead/,True,Chrome,reader
colwiz Research Companion,https://chrome.google.com/webstore/detail/colwiz-research-companion/djdocbgipfnggcpdejicpgjcaijcdlga,256,23885,3.41MiB,16.12.1.334,"December 1, 2016",39,4.4358974359,colwiz.com,http://colwiz.com,True,Chrome,reader
SPOI Filter,https://chrome.google.com/webstore/detail/spoi-filter/ccklmambcfmhahigkfmpmcafjlbjnnha,257,196,516KiB,1.8.16,"April 19, 2017",7,2.14285714286,spoi.com,http://spoi.com,True,Chrome,reader
Fantom Reader,https://chrome.google.com/webstore/detail/fantom-reader/leckcjmnnfgfhpainbongjehdifejgik,258,6,112KiB,6.7,"November 4, 2015",3,2.66666666667,,,True,Chrome,reader
XKCD Hovertext,https://chrome.google.com/webstore/detail/xkcd-hovertext/lbbfkdbeojkogjofbololpkmghdgdmkp,259,307,72.14KiB,1.6.1,"February 9, 2017",7,5.0,Cameron Lakenen,https://github.com/camupod/xkcdhovertext,True,Chrome,reader
InteractiveFics,https://chrome.google.com/webstore/detail/interactivefics/pcpjpdomcbnlkbghmchnjgeejpdlonli,260,9866,41.1KiB,4.3,"October 2, 2016",65,4.63076923077,blaringsilence,http://interactivefics.tumblr.com,True,Chrome,reader
WhiteSlash - White background flash fix,https://chrome.google.com/webstore/detail/whiteslash-white-backgrou/koiiicglkbcomcplnggedapdhafigbje,261,8,38.01KiB,1.1,"April 25, 2017",1,3.0,,,True,Chrome,reader
Butterfly,https://chrome.google.com/webstore/detail/%E8%9D%B4%E8%9D%B6%E9%A3%9E/pofanjellkmepliaagnpopjndkkdlolg,262,372,183KiB,0.5.0,"February 28, 2015",6,2.83333333333,,,True,Chrome,reader
SocialScam,https://chrome.google.com/webstore/detail/socialscam/cndnfkcedpjemclemlnlefhnchpecopo,263,207,11.63KiB,0.0.1,"August 2, 2012",49,4.0,creativeandcode.com,http://creativeandcode.com,True,Chrome,reader
ReaderMX,https://chrome.google.com/webstore/detail/readermx/dmaalmffgbmefmkpfnpmmeobalcpipgf,264,199,122KiB,1.0.2.9,"December 11, 2014",6,4.33333333333,reader.mx,http://reader.mx,True,Chrome,reader
Compact Density for the new Google Bar,https://chrome.google.com/webstore/detail/compact-density-for-the-n/lofcjichbipfkkmeccbjnopaeaagplkh,265,217,7.18KiB,14,"May 21, 2013",10,2.9,Zachary Yaro,http://zmyaro.com,True,Chrome,reader
url take away,https://chrome.google.com/webstore/detail/url-take-away/mciglcfodlomabhepiknpehamdoamhhh,266,151,54.21KiB,1.0,"April 8, 2015",3,4.66666666667,,,True,Chrome,reader
Yuehu,https://chrome.google.com/webstore/detail/%E9%98%85%E4%B9%8E/eggjaaihinpppofbllpdboemabgljaie,267,19,19.43KiB,0.2.0,"March 13, 2014",2,5.0,yuehu.io,http://yuehu.io,True,Chrome,reader
Reading Ruler,https://chrome.google.com/webstore/detail/reading-ruler/phiedfcbjfjagnjikfbobmldbpmdcpfk,268,9537,36.6KiB,1.4,"November 22, 2014",26,3.46153846154,dlmtavar,https://github.com/denisonlinus/reading-ruler,True,Chrome,reader
Reading list,https://chrome.google.com/webstore/detail/reading-list/pgkdcepboeicdjeklohlkhjnoaadbpbj,269,6001,1.62MiB,2.1,"November 15, 2015",37,4.21621621622,,,True,Chrome,reader
Amazonia Right Click Search - Amazon.com,https://chrome.google.com/webstore/detail/amazonia-right-click-sear/pkngfjindjkdikklhiiofondocdmdeep,270,2613,25.0KiB,1.5.4,"April 23, 2017",48,3.95833333333,,,True,Chrome,reader
Amazonia Right Click Search - Amazon Co UK,https://chrome.google.com/webstore/detail/amazonia-right-click-sear/gpmkacpkcakamljkjdjfgmncbpfjacjl,271,534,25.1KiB,1.5.1,"February 27, 2014",3,2.33333333333,,,True,Chrome,reader
Free File Viewer,https://chrome.google.com/webstore/detail/free-file-viewer/olfbpacfkiggbkkecoeljmbagaidljpk,272,2603,7.22KiB,1.2,"March 22, 2017",18,3.61111111111,,,True,Chrome,reader
TLDR,https://chrome.google.com/webstore/detail/tldr/giepilabiomhlcmlefmbfkgeoccfhhhc,273,93295,481KiB,2.1.1,"April 29, 2013",355,2.44225352113,tldrstuff.com,http://tldrstuff.com,True,Chrome,reader
