job_name,job_id,job_url,listing_type,company,location,search_rank
Data Analyst H/F,49409921e2e99868,https://www.indeed.fr/voir-emploi?jk=49409921e2e99868,sponsoredJob,Malakoff médéric,Paris 13e (75),1
BIG DATA MANAGER (H/F),4f8855f2c86f1223,https://www.indeed.fr/voir-emploi?jk=4f8855f2c86f1223,sponsoredJob,HURRYMAN,Paris (75),2
Data Analyst (H/F),df7cd7c76638ce56,https://www.indeed.fr/voir-emploi?jk=df7cd7c76638ce56,sponsoredJob,Extia,Paris (75),3
Data Analyst Junior,0a82fdb1b970f45b,https://www.indeed.fr/voir-emploi?jk=0a82fdb1b970f45b,organicJob,Le Lynx,Paris (75),4
DATA REPORTING & PERFORMANCE JUNIOR ANALYST CDI 75116 Paris...,590975e6cb93cd61,https://www.indeed.fr/voir-emploi?jk=590975e6cb93cd61,organicJob,Kepler Cheuvreux,Paris 16e (75),5
Data Analyst H/F,6868bd4bf908a8e7,https://www.indeed.fr/voir-emploi?jk=6868bd4bf908a8e7,organicJob,LMACP,Paris (75),6
Data Analyst H/F,19fb721f22a076b3,https://www.indeed.fr/voir-emploi?jk=19fb721f22a076b3,organicJob,POINT SERVICE MOBILES,Paris (75),7
Data Analyst,4a36bad4d486d828,https://www.indeed.fr/voir-emploi?jk=4a36bad4d486d828,organicJob,direct energie,Paris 15e (75),8
Data Analyste Junior H/F,a99c9496c3f361f8,https://www.indeed.fr/voir-emploi?jk=a99c9496c3f361f8,organicJob,Venedim,Boulogne-Billancourt (92),9
Analyste Statégie & BI,417f778093f375f6,https://www.indeed.fr/voir-emploi?jk=417f778093f375f6,organicJob,Monbanquet,Paris (75),10
Data Analyst France,4648660b8f9dbd80,https://www.indeed.fr/voir-emploi?jk=4648660b8f9dbd80,organicJob,Criteo,Paris (75),11
European Power Data Scientist Internship,8371a95d139ed70b,https://www.indeed.fr/voir-emploi?jk=8371a95d139ed70b,organicJob,EDF Trading,Paris (75),12
"Product Manager, Analytics Product, Data Quality",a968d36b69581f96,https://www.indeed.fr/voir-emploi?jk=a968d36b69581f96,organicJob,Criteo,Paris (75),13
consultant informatique Data Analyst (H/F),0fb15306fc951010,https://www.indeed.fr/voir-emploi?jk=0fb15306fc951010,sponsoredJob,Novagen Conseil,Puteaux (92),14
DATA ANALYST EXPERIMENTÉ H/F,5069acb19e1f578e,https://www.indeed.fr/voir-emploi?jk=5069acb19e1f578e,sponsoredJob,Malakoff médéric,Paris (75),15
Développeur BIG DATA SCALA - SPARK - MASSY,3445bf170adb1399,https://www.indeed.fr/voir-emploi?jk=3445bf170adb1399,sponsoredJob,AGILICIO,Palaiseau (91),16
Analyste Système H/F,9c34357c4dc37e87,https://www.indeed.fr/voir-emploi?jk=9c34357c4dc37e87,sponsoredJob,Bouygues Telecom,Meudon (92),17
Compliance Data Analyst - FircoSoft - Paris,7578e643922f3c18,https://www.indeed.fr/voir-emploi?jk=7578e643922f3c18,organicJob,LexisNexis,Paris (75),18
Data Analyst - Product Analytics,80864b60f693ce80,https://www.indeed.fr/voir-emploi?jk=80864b60f693ce80,organicJob,Criteo,Paris (75),19
Data Analyst - Data Analytics Team,6136633bfee932d4,https://www.indeed.fr/voir-emploi?jk=6136633bfee932d4,organicJob,Deezer,Paris (75),20
Data Analyst H/F,49657fafeec65aa4,https://www.indeed.fr/voir-emploi?jk=49657fafeec65aa4,organicJob,Accenture,Paris (75),21
CDI - Data & Business Analyst Junior,3c3040f8c54c087c,https://www.indeed.fr/voir-emploi?jk=3c3040f8c54c087c,organicJob,Birchbox,Paris 17e (75),22
Data Analyst,dc30b9fd07cff4f5,https://www.indeed.fr/voir-emploi?jk=dc30b9fd07cff4f5,organicJob,BlaBlaCar,Paris (75),23
Data analyst (H/F),e6813521b6bd7912,https://www.indeed.fr/voir-emploi?jk=e6813521b6bd7912,organicJob,aladium,Colombes (92),24
Data Analyst (H/F),602bc62309023b52,https://www.indeed.fr/voir-emploi?jk=602bc62309023b52,organicJob,Extia,Paris (75),25
STAGIAIRE / ALTERNANT(E) DATA ANALYST CRM (H/F),9f2bb7908c12a149,https://www.indeed.fr/voir-emploi?jk=9f2bb7908c12a149,organicJob,Sarenza,Paris (75),26
Data Scientist H/F,a0e5f6fd12550ef4,https://www.indeed.fr/voir-emploi?jk=a0e5f6fd12550ef4,organicJob,BNP Paribas,Issy-les-Moulineaux (92),27
BUSINESS ANALYST H/F,004812858e2e099d,https://www.indeed.fr/voir-emploi?jk=004812858e2e099d,sponsoredJob,CPM France,Issy-les-Moulineaux (92),28
Analyste Développeur DataStage H/F,1efc835c2df588a8,https://www.indeed.fr/voir-emploi?jk=1efc835c2df588a8,sponsoredJob,Free Services,Paris (75),29
Data Analyst,5b9b53c4e98ecd1d,https://www.indeed.fr/voir-emploi?jk=5b9b53c4e98ecd1d,sponsoredJob,Smart AdServer,Paris 9e (75),30
Data Analyst Marketing (H/F) - Massy,e97e46cb2f9c3e59,https://www.indeed.fr/voir-emploi?jk=e97e46cb2f9c3e59,organicJob,Carrefour,Massy (91),31
Data Quality Analyst H/F,1b556ea46b601e69,https://www.indeed.fr/voir-emploi?jk=1b556ea46b601e69,organicJob,BNP Paribas,Issy-les-Moulineaux (92),32
Data Analyst,44961a7c6da9c3ad,https://www.indeed.fr/voir-emploi?jk=44961a7c6da9c3ad,organicJob,BMCE EUROSERVICES,Paris 8e (75),33
Data Analyst (H/F),49b9f0928a843b8f,https://www.indeed.fr/voir-emploi?jk=49b9f0928a843b8f,organicJob,Renault,Le Plessis-Robinson (92),34
Data Analyst F/H,d1217fc4b0cfda9d,https://www.indeed.fr/voir-emploi?jk=d1217fc4b0cfda9d,organicJob,KRAVEN PARTNERS,Paris 2e (75),35
Data analyst junior - bac + 2/3 (h/f),32d868451d50c755,https://www.indeed.fr/voir-emploi?jk=32d868451d50c755,organicJob,Editions Francis Lefebvre,Levallois-Perret (92),36
BI Analyste (H/F),65b6ab236a41b0e6,https://www.indeed.fr/voir-emploi?jk=65b6ab236a41b0e6,organicJob,Ubisoft,Montreuil (93),37
Data scientist,acf56690b718ddf0,https://www.indeed.fr/voir-emploi?jk=acf56690b718ddf0,organicJob,Happn,Paris (75),38
CDI – Financial Data Analyst (H/F),e892b99166127eaa,https://www.indeed.fr/voir-emploi?jk=e892b99166127eaa,organicJob,Netbooster,Paris (75),39
Data Analyst & Marketing Web,703dc9c851aa7289,https://www.indeed.fr/voir-emploi?jk=703dc9c851aa7289,organicJob,MANOMANO,Paris 16e (75),40
CDI - DATA ANALYST H/F,9894668adfa4aac3,https://www.indeed.fr/voir-emploi?jk=9894668adfa4aac3,organicJob,MEDIAMETRIE,Levallois-Perret (92),41
Data Analyst - Consultant(e) en stratégie digitale- Boulogne...,4590706198702d9c,https://www.indeed.fr/voir-emploi?jk=4590706198702d9c,organicJob,Synomia,Boulogne-Billancourt (92),42
Data Lake Product Owner,be4e7d110f228ebe,https://www.indeed.fr/voir-emploi?jk=be4e7d110f228ebe,organicJob,AXA Funds Management,Paris (75),43
Data Analyst,861cb0a66eca09a6,https://www.indeed.fr/voir-emploi?jk=861cb0a66eca09a6,organicJob,Chauffeur-Privé,Issy-les-Moulineaux (92),44
Analyste Activité - Data miner F/H,dacfbb18d111e33a,https://www.indeed.fr/voir-emploi?jk=dacfbb18d111e33a,organicJob,UJA,Paris 10e (75),45
"Project Manager, Data Solutions",9f9c1bff985331d7,https://www.indeed.fr/voir-emploi?jk=9f9c1bff985331d7,organicJob,Veeva Systems,Paris (75),46
DATA ANALYST MARKETING,34213bcea8a0012f,https://www.indeed.fr/voir-emploi?jk=34213bcea8a0012f,organicJob,So Shape,Paris (75),47
Data Analyst F/H,ee5049b2c55980f9,https://www.indeed.fr/voir-emploi?jk=ee5049b2c55980f9,organicJob,DIRECT ENERGIE,Paris 15e (75),48
Product Manager Data & Visualisation,25abc9fc2f359063,https://www.indeed.fr/voir-emploi?jk=25abc9fc2f359063,organicJob,Fifty Five,Paris (75),49
Compliance Data Analyst - FircoSoft - Paris,f0614ad2765e06e3,https://www.indeed.fr/voir-emploi?jk=f0614ad2765e06e3,organicJob,Reed Business Information,Paris (75),50
Data Analyst – Advertiser 100% Project,a7a2c378b1f60663,https://www.indeed.fr/voir-emploi?jk=a7a2c378b1f60663,organicJob,Criteo,Paris (75),51
Data Analyst,76ebb6ef2d1736d1,https://www.indeed.fr/voir-emploi?jk=76ebb6ef2d1736d1,organicJob,Businessdata consulting,Paris (75),52
Professeur de data science H/F,71a7351a70e45e0d,https://www.indeed.fr/voir-emploi?jk=71a7351a70e45e0d,organicJob,OpenClassrooms,Paris (75),53
Coverage Data Analyst H/F,3d3740630428f499,https://www.indeed.fr/voir-emploi?jk=3d3740630428f499,organicJob,BNP Paribas,Nanterre (92),54
Data Analyst H/F,50bcd48704cf2ba7,https://www.indeed.fr/voir-emploi?jk=50bcd48704cf2ba7,organicJob,Canal Plus,Boulogne-Billancourt (92),55
Business & Data Analyst F/H,15a8b65446808eb3,https://www.indeed.fr/voir-emploi?jk=15a8b65446808eb3,organicJob,L'EQUIPE,Boulogne-Billancourt (92),56
Analyste BI (H/F),dbf34eb077748276,https://www.indeed.fr/voir-emploi?jk=dbf34eb077748276,organicJob,Ubisoft,Montreuil (93),57
Data Analyst - Search & Recommendation (M/F),008bc83e488c7b15,https://www.indeed.fr/voir-emploi?jk=008bc83e488c7b15,organicJob,Dailymotion,Paris (75),58
Data Analyst junior (H/F) - Massy,310ca1dc02119f8f,https://www.indeed.fr/voir-emploi?jk=310ca1dc02119f8f,organicJob,Carrefour,Massy (91),59
Data Analyst - Big Data F/H,5c599c2a8975aa36,https://www.indeed.fr/voir-emploi?jk=5c599c2a8975aa36,organicJob,GENICORP,Colombes (92),60
Client Data Analyst - PARIS,97bf0845c7811b13,https://www.indeed.fr/voir-emploi?jk=97bf0845c7811b13,organicJob,JOOR,Paris (75),61
Apprenti(e) - Analyste Business Intelligence H/F,dfbd417f3cdaeacc,https://www.indeed.fr/voir-emploi?jk=dfbd417f3cdaeacc,organicJob,Air France-KLM,Roissy-en-France (95),62
CHEF DE PROJETS DATA ANALYST (H/F),a98ed75d41983c01,https://www.indeed.fr/voir-emploi?jk=a98ed75d41983c01,organicJob,NRJ,Paris 16e (75),63
Consultant -Business analyst – Reference Data,7ea989240059c9d5,https://www.indeed.fr/voir-emploi?jk=7ea989240059c9d5,organicJob,CAPCO,Paris (75),64
Un(e) Data Analyst - F/H,63836866a0c91925,https://www.indeed.fr/voir-emploi?jk=63836866a0c91925,organicJob,ACTION CONTRE LA FAIM,Paris 17e (75),65
Data Analyst,5586e2cd1c0d9b0a,https://www.indeed.fr/voir-emploi?jk=5586e2cd1c0d9b0a,organicJob,Ingima,Paris (75),66
Chef de projet Data analyst - H/F,95c876481a0a6f22,https://www.indeed.fr/voir-emploi?jk=95c876481a0a6f22,organicJob,EDF,Paris (75),67
Data Analyst Associate,533c8b947013f7a0,https://www.indeed.fr/voir-emploi?jk=533c8b947013f7a0,organicJob,Fifty Five,Paris (75),68
Analyste data mining F/H,daf798249f45cd7f,https://www.indeed.fr/voir-emploi?jk=daf798249f45cd7f,organicJob,BOUYGUES TELECOM,Meudon (92),69
Business Data Analyst - CDD 12 mois,ae2df7c95d12ad0e,https://www.indeed.fr/voir-emploi?jk=ae2df7c95d12ad0e,organicJob,AXA Funds Management,Paris (75),70
INTERNSHIP RESEARCH ANALYST ASSISTANT,bbc499843be1dddb,https://www.indeed.fr/voir-emploi?jk=bbc499843be1dddb,organicJob,Kepler Cheuvreux,Paris 16e (75),71
Data Analyste,e2306769caca5fc3,https://www.indeed.fr/voir-emploi?jk=e2306769caca5fc3,organicJob,Businessdata consulting,Paris (75),72
Data Scientist,665648454837d77d,https://www.indeed.fr/voir-emploi?jk=665648454837d77d,organicJob,MFG Labs,Paris 9e (75),73
Data analyst F/H,0ef2ef4c7d417805,https://www.indeed.fr/voir-emploi?jk=0ef2ef4c7d417805,organicJob,TEMENIS CONSEIL,Paris 16e (75),74
Data analyst / manager - H/F,4ca95fab21cb83c2,https://www.indeed.fr/voir-emploi?jk=4ca95fab21cb83c2,organicJob,TERRA SA,Paris 19e (75),75
Stage Sourcing Data Analyst h/f Paris,7f28e5dd3ebc99cf,https://www.indeed.fr/voir-emploi?jk=7f28e5dd3ebc99cf,organicJob,EasyLoisirs,Paris 12e (75),76
Data Analyst Intern,d4af3dd9ab8d0606,https://www.indeed.fr/voir-emploi?jk=d4af3dd9ab8d0606,organicJob,Aircall,Paris (75),77
Analyste Reporting Financier H/F,a74afb4cb6e7ccf2,https://www.indeed.fr/voir-emploi?jk=a74afb4cb6e7ccf2,organicJob,ING Direct,Paris (75),78
Data Scientist/Analyst,d1e37fb6f077398d,https://www.indeed.fr/voir-emploi?jk=d1e37fb6f077398d,organicJob,Edjing,Boulogne-Billancourt (92),79
Data/web Analyst F/H,3e19d4cbcc9f212b,https://www.indeed.fr/voir-emploi?jk=3e19d4cbcc9f212b,organicJob,IQ ANALYTICS,Paris 1er (75),80
Data Miner & Analyst CRM | 45/55K€,15da18e1dfda3fdc,https://www.indeed.fr/voir-emploi?jk=15da18e1dfda3fdc,organicJob,Groupe Média 30M visiteurs,Paris (75),81
Data Analyst,9b575fe8c2c7191a,https://www.indeed.fr/voir-emploi?jk=9b575fe8c2c7191a,organicJob,Dailymotion,Paris (75),82
Analyste Product Control H/F,07a32f9652881a01,https://www.indeed.fr/voir-emploi?jk=07a32f9652881a01,organicJob,Dexia,Paris (75),83
Analyste BI Supply Chain (H/F),6c701d96fc575503,https://www.indeed.fr/voir-emploi?jk=6c701d96fc575503,organicJob,SGDBF,Paris (75),84
Analyste MOA entrepôt de données H/F,62fc01e05aa937f3,https://www.indeed.fr/voir-emploi?jk=62fc01e05aa937f3,organicJob,LCL,Villejuif (94),85
Data & Business Analyst Junior,9420928c04a69fdf,https://www.indeed.fr/voir-emploi?jk=9420928c04a69fdf,organicJob,BIRCHBOX,Paris 17e (75),86
Analyste Business Intelligence H/F,bf1bb7347e1a8960,https://www.indeed.fr/voir-emploi?jk=bf1bb7347e1a8960,organicJob,PMU,Paris (75),87
Analyste de Données CRM F/H,1158d21519c089cc,https://www.indeed.fr/voir-emploi?jk=1158d21519c089cc,organicJob,"LOOK PRO, LOOK VOYAGES DISTRIBUTION",Ivry-sur-Seine (94),88
Chief data Officer (H/F),4d46a74405fa6d1e,https://www.indeed.fr/voir-emploi?jk=4d46a74405fa6d1e,organicJob,Renault,Le Plessis-Robinson (92),89
Data Analyst F/H,3244a03dc6a3a72e,https://www.indeed.fr/voir-emploi?jk=3244a03dc6a3a72e,organicJob,KORN FERRY / FUTURESTEP,Le Plessis-Robinson (92),90
Data Miner & Analyst CRM F/H,16c456f62719d460,https://www.indeed.fr/voir-emploi?jk=16c456f62719d460,organicJob,DATA RECRUTEMENT,Paris 1er (75),91
Data Analyst Marketing Client (H/F),89b483b68e183a1b,https://www.indeed.fr/voir-emploi?jk=89b483b68e183a1b,organicJob,Cdiscount,Paris (75),92
Data Scientist,d5c3ee2d06275152,https://www.indeed.fr/voir-emploi?jk=d5c3ee2d06275152,organicJob,BlaBlaCar,Paris (75),93
Data Analyst,2746650653255658,https://www.indeed.fr/voir-emploi?jk=2746650653255658,organicJob,HR Communications Manager,Levallois-Perret (92),94
Data Analyst H/F,7313590c18974000,https://www.indeed.fr/voir-emploi?jk=7313590c18974000,organicJob,Groupe M6,Rungis (94),95
DATA ANALYST EXPERIMENTÉ H/F,5069acb19e1f578e,https://www.indeed.fr/voir-emploi?jk=5069acb19e1f578e,organicJob,Malakoff médéric,Paris (75),96
Data Analyst,f0b0eeca7e16fbf7,https://www.indeed.fr/voir-emploi?jk=f0b0eeca7e16fbf7,organicJob,Plastic Omnium,Levallois-Perret (92),97
Analyste veille Réglementaire / Regulatory Analyst (H/F),fef858c7a96f40ae,https://www.indeed.fr/voir-emploi?jk=fef858c7a96f40ae,organicJob,NeoXam,Paris (75),98
Analyste data mining H/F,b239ff528db85869,https://www.indeed.fr/voir-emploi?jk=b239ff528db85869,organicJob,Bouygues Telecom,Meudon (92),99
Data Analyst - Intelligent Content H/F,5ab57026c2c449db,https://www.indeed.fr/voir-emploi?jk=5ab57026c2c449db,organicJob,iProspect,La Défense (92),100
Analyste Data-Monitoring & Reporting H/F,e71f95727396b77b,https://www.indeed.fr/voir-emploi?jk=e71f95727396b77b,organicJob,Crédit Agricole CIB,Montrouge (92),101
Short Term Power Analyst - H/F,86a0b5b0579dbc78,https://www.indeed.fr/voir-emploi?jk=86a0b5b0579dbc78,organicJob,EDF,Saint-Denis (93),102
Data Analyst SAS,938775a99fcc991b,https://www.indeed.fr/voir-emploi?jk=938775a99fcc991b,organicJob,Novencia,Paris (75),103
Data scientist H/F,1aad976e86804792,https://www.indeed.fr/voir-emploi?jk=1aad976e86804792,organicJob,AUTICONSULT,Paris 6e (75),104
DATA QUALITY ANALYST F/H,2c6abc02b9bf8611,https://www.indeed.fr/voir-emploi?jk=2c6abc02b9bf8611,organicJob,GIE GROUPE AVIVA,Bois-Colombes (92),105
Data Engineer – Data Warehouse/Analytics (M/F),1940107d6541713a,https://www.indeed.fr/voir-emploi?jk=1940107d6541713a,organicJob,Dailymotion,Paris (75),106
Consultant(e)s data analyst R et/ou Python F/H,9b038009b6a9adf3,https://www.indeed.fr/voir-emploi?jk=9b038009b6a9adf3,organicJob,ANAYA,Paris 1er (75),107
Shopping and Delivery Experience - Business Analyst,13c0c1bdc4b18dd4,https://www.indeed.fr/voir-emploi?jk=13c0c1bdc4b18dd4,organicJob,Amazon France Services SaS,Paris (75),108
Analyste et AMOA Digital (H/F),54f4da2454458b2a,https://www.indeed.fr/voir-emploi?jk=54f4da2454458b2a,organicJob,Groupe Estia,Paris (75),109
Data Analyst - Intelligent Content H/F,98473931cb1120f8,https://www.indeed.fr/voir-emploi?jk=98473931cb1120f8,organicJob,Dentsu Aegis,La Défense (92),110
Analyste de données - Projet outil de l'incidentologue (H/F),e92b5d9756005887,https://www.indeed.fr/voir-emploi?jk=e92b5d9756005887,organicJob,Renault,Guyancourt (78),111
SENIOR DATA ANALYST H/F,4649d93488f29d64,https://www.indeed.fr/voir-emploi?jk=4649d93488f29d64,organicJob,Audience Plus,Paris (75),112
Business Analyst (H/F),8c5065619eda379f,https://www.indeed.fr/voir-emploi?jk=8c5065619eda379f,organicJob,Databerries,Paris (75),113
Stage Data Scientist/Data Analyst,140837839bf704be,https://www.indeed.fr/voir-emploi?jk=140837839bf704be,organicJob,Rexel,Paris (75),114
Business Analyst / Data Scientist (Intership),ca22e3544a832b36,https://www.indeed.fr/voir-emploi?jk=ca22e3544a832b36,organicJob,Wabel,Paris (75),115
Business Data Analyst (H/F),29288f10d2e4b45a,https://www.indeed.fr/voir-emploi?jk=29288f10d2e4b45a,organicJob,Target2Sell,Paris (75),116
Analyste Big Data H/F,37ebd57ec2d91976,https://www.indeed.fr/voir-emploi?jk=37ebd57ec2d91976,organicJob,Groupe Crédit Agricole,Villejuif (94),117
Data Analyst/ Data cruncher F/H,33e381e35f16d4fd,https://www.indeed.fr/voir-emploi?jk=33e381e35f16d4fd,organicJob,RENAULT SAS,Le Plessis-Robinson (92),118
Business Development Analyst (Internship),3cf685c159e4225e,https://www.indeed.fr/voir-emploi?jk=3cf685c159e4225e,organicJob,Deezer,Paris (75),119
Chargé de Reporting F/H,3ede67ac5a140867,https://www.indeed.fr/voir-emploi?jk=3ede67ac5a140867,organicJob,JOHN PAUL,Paris 8e (75),120
Operations data analyst intern (Paris),0b2240ac5a45f214,https://www.indeed.fr/voir-emploi?jk=0b2240ac5a45f214,organicJob,Stuart,Paris (75),121
Analyste Big Data H/F,16de8b5b70a92026,https://www.indeed.fr/voir-emploi?jk=16de8b5b70a92026,organicJob,LCL,Villejuif (94),122
Analyste Business Intelligence / Yield F/H,3850542d4e5d2a0f,https://www.indeed.fr/voir-emploi?jk=3850542d4e5d2a0f,organicJob,LA PLACE MEDIA,Paris 18e (75),123
Alternant analyste développeur BI (H/F),0a720b1327418f0c,https://www.indeed.fr/voir-emploi?jk=0a720b1327418f0c,organicJob,Natixis,Paris (75),124
Data Analyst,30a3e1a4134d50de,https://www.indeed.fr/voir-emploi?jk=30a3e1a4134d50de,organicJob,Fifty Five,Paris (75),125
Analyste Big Data Junior- Ericsson,129a212ec8fb104d,https://www.indeed.fr/voir-emploi?jk=129a212ec8fb104d,organicJob,Ericsson,Massy (91),126
Développeur outils data - Stagiaire H/F,23812f82a59739ec,https://www.indeed.fr/voir-emploi?jk=23812f82a59739ec,organicJob,Ubisoft,Montreuil (93),127
Business Analyst - Internship,437d3999fcd52476,https://www.indeed.fr/voir-emploi?jk=437d3999fcd52476,organicJob,AXA General Insurance,Paris (75),128
Analyste en Maitrise d'Ouvrage,21fec58eab28a38b,https://www.indeed.fr/voir-emploi?jk=21fec58eab28a38b,organicJob,BNP Paribas,Pantin (93),129
Data Analyst junior (H/F) - Massy,e96bf084fcd07273,https://www.indeed.fr/voir-emploi?jk=e96bf084fcd07273,organicJob,,Massy (91),130
Manager Données Digitales (H/F) - Massy,1c76d42c224dae0c,https://www.indeed.fr/voir-emploi?jk=1c76d42c224dae0c,organicJob,Carrefour,Massy (91),131
Consultant Data Analyst (H/F),4549d166b05884e2,https://www.indeed.fr/voir-emploi?jk=4549d166b05884e2,organicJob,NovaGen Conseil,Paris (75),132
UN DATA ANALYST EN STAGE (H/F),7391e6d3e11536c6,https://www.indeed.fr/voir-emploi?jk=7391e6d3e11536c6,organicJob,Action contre la faim,Paris (75),133
Stage Data & Studies – Data Analyst F/H),17caa53a19305908,https://www.indeed.fr/voir-emploi?jk=17caa53a19305908,organicJob,Withings,Paris (75),134
Geographic Information Systems Programmer and Analyst,32ae1c3a92d2be89,https://www.indeed.fr/voir-emploi?jk=32ae1c3a92d2be89,organicJob,OCDE,Paris (75),135
Analyst,7b2d69d7ebefeae6,https://www.indeed.fr/voir-emploi?jk=7b2d69d7ebefeae6,organicJob,isg,Paris (75),136
Data Analyst H/F,49409921e2e99868,https://www.indeed.fr/voir-emploi?jk=49409921e2e99868,organicJob,Malakoff médéric,Paris 13e (75),137
Account Services Business Analyst (H/F),ba377841f8d88d66,https://www.indeed.fr/voir-emploi?jk=ba377841f8d88d66,organicJob,SAP,Paris (75),138
Inside Data Science Internship,988e33424ec0aa01,https://www.indeed.fr/voir-emploi?jk=988e33424ec0aa01,organicJob,Dataiku,Paris (75),139
Reporting Analyst - Alternance,300883949777de71,https://www.indeed.fr/voir-emploi?jk=300883949777de71,organicJob,Criteo,Paris (75),140
Web-analyst / Data analyst (H/F),b94a598f0f5cdd08,https://www.indeed.fr/voir-emploi?jk=b94a598f0f5cdd08,organicJob,JobTeaser,Paris (75),141
Data Analyst H/F,436d6932f174e0e7,https://www.indeed.fr/voir-emploi?jk=436d6932f174e0e7,organicJob,mediametrie,Levallois-Perret (92),142
Business Analyste Compliance Règlementaire (H/F),fb5392d471559d6e,https://www.indeed.fr/voir-emploi?jk=fb5392d471559d6e,organicJob,NeoXam,Paris (75),143
Assistant(e) Analyste CRM,db04187dc45a0650,https://www.indeed.fr/voir-emploi?jk=db04187dc45a0650,organicJob,Ubisoft,Montreuil (93),144
GroupM | Data analyst H/F en CDI,13f929c35c74ecbd,https://www.indeed.fr/voir-emploi?jk=13f929c35c74ecbd,organicJob,GroupM,Paris (75),145
Analyste d'exploitation (H/F) - PARIS,878c0b02d924aaf8,https://www.indeed.fr/voir-emploi?jk=878c0b02d924aaf8,organicJob,Sodifrance,Paris (75),146
Analyst,98ead5a71d662ed8,https://www.indeed.fr/voir-emploi?jk=98ead5a71d662ed8,organicJob,Experian,Paris (75),147
Apprenti Data Manager,b1f3f8e495340d78,https://www.indeed.fr/voir-emploi?jk=b1f3f8e495340d78,organicJob,Natixis Assurances - non-Vie,Paris (75),148
DATASCIENTIST F/H,60532364aad2f9c2,https://www.indeed.fr/voir-emploi?jk=60532364aad2f9c2,organicJob,PARI MUTUEL URBAIN,Paris 15e (75),149
Business Analyst Marketing,351fc12a39739f46,https://www.indeed.fr/voir-emploi?jk=351fc12a39739f46,organicJob,LWM,Paris (75),150
Analyste Data – Supply Chain (H/F),5c35ada6477d8748,https://www.indeed.fr/voir-emploi?jk=5c35ada6477d8748,organicJob,photobox,Sartrouville (78),151
Graduate Marketing Analyst,9e2647bb9db9a0ab,https://www.indeed.fr/voir-emploi?jk=9e2647bb9db9a0ab,organicJob,Imerys,Paris (75),152
Business Intelligence Analyst urgent,af138eb9970f31cb,https://www.indeed.fr/voir-emploi?jk=af138eb9970f31cb,organicJob,Murex S.A.S.,Paris (75),153
Coordinateur / Facilitateur Cockpit Data H/F,3cd14ba7ac216be2,https://www.indeed.fr/voir-emploi?jk=3cd14ba7ac216be2,organicJob,Solocal Group,Boulogne-Billancourt (92),154
Chef de projet - Data Analyst,fc80a854c5785e40,https://www.indeed.fr/voir-emploi?jk=fc80a854c5785e40,organicJob,L'Oréal,Paris (75),155
"Business Analyst, Data Management",36ae5e0c48b1b154,https://www.indeed.fr/voir-emploi?jk=36ae5e0c48b1b154,organicJob,Orchestra networks,Paris (75),156
BPA Data Quality H/F,81457809ff99aa8a,https://www.indeed.fr/voir-emploi?jk=81457809ff99aa8a,organicJob,BOLLORE LOGISTICS,Puteaux (92),157
DATA ANALYST F/H,da371943d6786d18,https://www.indeed.fr/voir-emploi?jk=da371943d6786d18,organicJob,Maten,Paris (75),158
ANALYSTE STRATEGIE & BI (H/F),26691dce2dbc3ef9,https://www.indeed.fr/voir-emploi?jk=26691dce2dbc3ef9,organicJob,Générationnel,Paris 10e (75),159
Data Analyst | Agence internationale | 40/45 K€,b32b56177248d2d9,https://www.indeed.fr/voir-emploi?jk=b32b56177248d2d9,organicJob,Data Recrutement : rejoignez une entreprise en for...,Paris (75),160
SEC Reporting Analyst Junior – Contrat en alternance,8696375e80a95551,https://www.indeed.fr/voir-emploi?jk=8696375e80a95551,organicJob,Criteo,Paris (75),161
Quality Assurance Product Analyst/Inspector,2450ed8482776e90,https://www.indeed.fr/voir-emploi?jk=2450ed8482776e90,organicJob,"Kendo, a division of LVMH",Boulogne-Billancourt (92),162
VIE - Market and Distribution Analyst - SUEDE (H/F),ad5dd50f5eede4ed,https://www.indeed.fr/voir-emploi?jk=ad5dd50f5eede4ed,organicJob,Renault,Paris (75),163
Data Miner (H/F),414d794589032d7d,https://www.indeed.fr/voir-emploi?jk=414d794589032d7d,organicJob,Olympp,Paris (75),164
Business Analyst,07db3921998cffbd,https://www.indeed.fr/voir-emploi?jk=07db3921998cffbd,organicJob,Zurich Insurance Group,Paris (75),165
Responsable Data Analyst / Trade & Promo,557eb8aacd469f9f,https://www.indeed.fr/voir-emploi?jk=557eb8aacd469f9f,organicJob,General Mills - Europe/Australasia,Boulogne-Billancourt (92),166
Business Analyst /Compliance & Regulatory H/F,887eb5b804d0a624,https://www.indeed.fr/voir-emploi?jk=887eb5b804d0a624,organicJob,Onepoint,Paris (75),167
Analyste de Développement BI et DATA H/F Paris,8142336e95fd4048,https://www.indeed.fr/voir-emploi?jk=8142336e95fd4048,organicJob,,Paris (75),168
Pricing Analyst,4eefb0e2cbe8af02,https://www.indeed.fr/voir-emploi?jk=4eefb0e2cbe8af02,organicJob,Hitachi Data Systems,Paris (75),169
DIGITAL ANALYST H/F,0e9d5db47039b87f,https://www.indeed.fr/voir-emploi?jk=0e9d5db47039b87f,organicJob,CAR&BOAT MEDIA,Paris 9e (75),170
Chef de projet informatique,751028ef56bd1bd5,https://www.indeed.fr/voir-emploi?jk=751028ef56bd1bd5,organicJob,LocalLabs.fr,La Défense (92),171
Assurance Testing Analyst,7485907f0aeaba30,https://www.indeed.fr/voir-emploi?jk=7485907f0aeaba30,organicJob,AXA General Insurance,Courbevoie (92),172
Longevity Analyst (EMEA excl. UK) [EN],0b9678c69b929375,https://www.indeed.fr/voir-emploi?jk=0b9678c69b929375,organicJob,SCOR,Paris 16e (75),173
Data Analytics Specialist,969b2fd06c5a67a2,https://www.indeed.fr/voir-emploi?jk=969b2fd06c5a67a2,organicJob,Criteo,Paris (75),174
"Analytics Center of Excellence – Data Analyst, Tableau Exper...",c548476ef1073d06,https://www.indeed.fr/voir-emploi?jk=c548476ef1073d06,organicJob,Criteo,Paris (75),175
Head of Analytics Center of Excellence,cadfe1ed104e51f9,https://www.indeed.fr/voir-emploi?jk=cadfe1ed104e51f9,organicJob,Criteo,Paris (75),176
BUSINESS ANALYST - H/F,f8948fa5bb988e0b,https://www.indeed.fr/voir-emploi?jk=f8948fa5bb988e0b,organicJob,Ingeniance,Boulogne-Billancourt (92),177
Data/Web analyst h/f,e962d9bb62deffa7,https://www.indeed.fr/voir-emploi?jk=e962d9bb62deffa7,organicJob,IQ Analytics,Paris (75),178
BUSINESS ANALYST FIXED INCOME - H/F,be75519f43d5674c,https://www.indeed.fr/voir-emploi?jk=be75519f43d5674c,organicJob,Ingeniance,Boulogne-Billancourt (92),179
Business Analyste e-commerce H/F,0e0d0184bbb7acc2,https://www.indeed.fr/voir-emploi?jk=0e0d0184bbb7acc2,organicJob,Wax Interactive France,Paris (75),180
Analyste MOA entrepôt de données H/F,d31251d395542269,https://www.indeed.fr/voir-emploi?jk=d31251d395542269,organicJob,Groupe Crédit Agricole,Villejuif (94),181
Financial Analyst Intern (Paris),d9effba80cd330b3,https://www.indeed.fr/voir-emploi?jk=d9effba80cd330b3,organicJob,Stuart,Paris (75),182
Sr Bus Intelligence Analyst,27c176784fd57311,https://www.indeed.fr/voir-emploi?jk=27c176784fd57311,organicJob,Nasdaq,Paris (75),183
Business Intelligence Analyst Junior (H/F),496deed314db735a,https://www.indeed.fr/voir-emploi?jk=496deed314db735a,organicJob,Frichti,Neuilly-sur-Seine (92),184
"Sr Business Analyst, Client Success",b78c2109cc62a03a,https://www.indeed.fr/voir-emploi?jk=b78c2109cc62a03a,organicJob,Mirakl,Paris (75),185
Analyste Digital Media,18de15089a202566,https://www.indeed.fr/voir-emploi?jk=18de15089a202566,organicJob,EBIQUITY SAS,Neuilly-sur-Seine (92),186
Business Analyst - Consultant AMOA / Freelance,a2eb4b371b381dc4,https://www.indeed.fr/voir-emploi?jk=a2eb4b371b381dc4,organicJob,Lérins Télécom,Paris (75),187
Chargé de Reporting H/F,135fbac010481c88,https://www.indeed.fr/voir-emploi?jk=135fbac010481c88,organicJob,JOHN PAUL,Paris (75),188
Digital analyst H/F,ba12714e6809ff9d,https://www.indeed.fr/voir-emploi?jk=ba12714e6809ff9d,organicJob,CarBoat Media,Paris 9e (75),189
Analyste Reporting Financier,5e38155a68855174,https://www.indeed.fr/voir-emploi?jk=5e38155a68855174,organicJob,ING Bank France,Paris (75),190
Research Officer/ Economic Analyst - Competition Policy,859d32e212112096,https://www.indeed.fr/voir-emploi?jk=859d32e212112096,organicJob,NERA Economic Consulting,Paris (75),191
Research Officer/ Economic Analyst - Competition Policy,0060182e3abf3446,https://www.indeed.fr/voir-emploi?jk=0060182e3abf3446,organicJob,Oliver Wyman Group,Paris (75),192
Web Analyst H/F,ac8741e1182b3e99,https://www.indeed.fr/voir-emploi?jk=ac8741e1182b3e99,organicJob,BNP Paribas,Levallois-Perret (92),193
Display Campaign Analyst,a88eb7a9a35f3cad,https://www.indeed.fr/voir-emploi?jk=a88eb7a9a35f3cad,organicJob,DATAWORDS,Levallois-Perret (92),194
Consultant CRM – Analyste & Gestionnaire de campagne (H/F),5c4c516edf88edef,https://www.indeed.fr/voir-emploi?jk=5c4c516edf88edef,organicJob,Groupe Estia,Paris (75),195
Stage Data Analyst,af8cb07cc081aae1,https://www.indeed.fr/voir-emploi?jk=af8cb07cc081aae1,organicJob,Actimage,Paris (75),196
Consultant MatLab - Algorithmie / Big Data (H/F),22572a7f727c8e4b,https://www.indeed.fr/voir-emploi?jk=22572a7f727c8e4b,organicJob,Génaris Group,Paris (75),197
Data Analyst,ff057848373e36eb,https://www.indeed.fr/voir-emploi?jk=ff057848373e36eb,organicJob,Plastic Omnium Auto Extérieur,Nanterre (92),198
Data Analyst,c61af38913f64794,https://www.indeed.fr/voir-emploi?jk=c61af38913f64794,organicJob,InterQuest Group,Paris (75),199
Cluster Europe Sud Ouest - Stagiaire Performance Analyst - H...,2d69f9375de20ae5,https://www.indeed.fr/voir-emploi?jk=2d69f9375de20ae5,organicJob,Air Liquide,Bagneux (92),200
Business analyst (H/F),1cf42a69c15211c1,https://www.indeed.fr/voir-emploi?jk=1cf42a69c15211c1,organicJob,Atos,Bezons (95),201
Data Analyst H/F,e01c1f615ba53d43,https://www.indeed.fr/voir-emploi?jk=e01c1f615ba53d43,organicJob,Malakoff Mederic,Paris (75),202
Business Analyst [EN],ab75ce062daf3a19,https://www.indeed.fr/voir-emploi?jk=ab75ce062daf3a19,organicJob,SCOR,Paris 16e (75),203
STAGE ANALYSTE STATISTIQUE & DATA CONSULTING,aaf9589572a4d266,https://www.indeed.fr/voir-emploi?jk=aaf9589572a4d266,organicJob,HAVAS MEDIA GROUP,Paris (75),204
Data Analyst F/H,8b9b718b85bf64d1,https://www.indeed.fr/voir-emploi?jk=8b9b718b85bf64d1,organicJob,FIDELIA ASSISTANCE,Saint-Cloud (92),205
Responsable Data Analytics (H/F),0ee4e28a28aa03ec,https://www.indeed.fr/voir-emploi?jk=0ee4e28a28aa03ec,organicJob,Clémentine International,Paris (75),206
Data Analyst Search (h/f),fe7d64ce8eb87dfd,https://www.indeed.fr/voir-emploi?jk=fe7d64ce8eb87dfd,organicJob,Enoa RH Consulting,Paris (75),207
USER ACQUISITION MARKETING MANAGER,0c782042264da1b8,https://www.indeed.fr/voir-emploi?jk=0c782042264da1b8,organicJob,Betting Connections,Paris (75),208
Chargé de développement MKG (H/F),cc9a24e411fc9862,https://www.indeed.fr/voir-emploi?jk=cc9a24e411fc9862,organicJob,SAINT-GOBAIN,Paris (75),209
Desktop Support (Techforce) Analyst,3b7836b8d18ae89a,https://www.indeed.fr/voir-emploi?jk=3b7836b8d18ae89a,organicJob,Salesforce,Paris (75),210
Assistant Analyste quantitatif Risques Opérationnels H/F,e40796e0dcc14763,https://www.indeed.fr/voir-emploi?jk=e40796e0dcc14763,organicJob,La banque postale,Paris (75),211
Revenue Analyst,708866ad750c2ea7,https://www.indeed.fr/voir-emploi?jk=708866ad750c2ea7,organicJob,Hyatt,Paris (75),212
Analyste Décisionnel H/F,b0fa7adccbe8f4b9,https://www.indeed.fr/voir-emploi?jk=b0fa7adccbe8f4b9,organicJob,TEXA EXPERTISE,Colombes (92),213
Pricing Analyst (H/F),3bd24ac656199846,https://www.indeed.fr/voir-emploi?jk=3bd24ac656199846,organicJob,Natixis,Austerlitz (75),214
Junior Policy Analysts – Sahel and West Africa Club,cb27a9cfdc62dd68,https://www.indeed.fr/voir-emploi?jk=cb27a9cfdc62dd68,organicJob,OCDE,Paris (75),215
CDI – Consultant Web Analyste Junior (H/F),c97818ccfd738a01,https://www.indeed.fr/voir-emploi?jk=c97818ccfd738a01,organicJob,Netbooster,Paris (75),216
Analyste Quantitatif,9488d546452a467b,https://www.indeed.fr/voir-emploi?jk=9488d546452a467b,organicJob,,Paris (75),217
Ingénieur-e développeur (euse) analyste Data (H/F),730fefe2459ad3a3,https://www.indeed.fr/voir-emploi?jk=730fefe2459ad3a3,organicJob,,Paris (75),218
Supply Chain Analyst,68d347d96026a7ce,https://www.indeed.fr/voir-emploi?jk=68d347d96026a7ce,organicJob,Imerys,Paris (75),219
"Solution Strategist / Business Analyst, Commerce Cloud, EMEA",87f2f2f9719bace9,https://www.indeed.fr/voir-emploi?jk=87f2f2f9719bace9,organicJob,Salesforce,Paris (75),220
Chef de projet Data Analyste F/H,70e4aeaf827b0fda,https://www.indeed.fr/voir-emploi?jk=70e4aeaf827b0fda,organicJob,#SCALENES,Paris 16e (75),221
Analyste Marketing,2c7d75f3eb226e32,https://www.indeed.fr/voir-emploi?jk=2c7d75f3eb226e32,organicJob,vente-privee.com,Saint-Denis (93),222
Chef de projet BI (H/F) client final,23a39f67344da061,https://www.indeed.fr/voir-emploi?jk=23a39f67344da061,organicJob,EULIDIA,Vaucresson (92),223
COMPETITOR ANALYST - INTERNSHIP,b065e2017f6117d8,https://www.indeed.fr/voir-emploi?jk=b065e2017f6117d8,organicJob,Eurofins,Paris (75),224
Lead Data Analyst (H/F) - CDI,63b9503001465abd,https://www.indeed.fr/voir-emploi?jk=63b9503001465abd,organicJob,Databerries,Paris (75),225
Stage chargé(e) d’analyses et d'études marketing,5635855166b9bed9,https://www.indeed.fr/voir-emploi?jk=5635855166b9bed9,organicJob,Netatmo,Boulogne-Billancourt (92),226
Analyste Risques de Marché,8ba143c02f1f2027,https://www.indeed.fr/voir-emploi?jk=8ba143c02f1f2027,organicJob,Groupe Crédit Agricole,Montrouge (92),227
Business Analyst (F/H) - Stage,d0417b703024a77c,https://www.indeed.fr/voir-emploi?jk=d0417b703024a77c,organicJob,AXA : France,Paris (75),228
Data analyst F/H,81a08dc4b45c0254,https://www.indeed.fr/voir-emploi?jk=81a08dc4b45c0254,organicJob,SOCIETE AUTOLIB',Vaucresson (92),229
BUSINESS ANALYST KYC / LUTTE ANTI-BLANCHIMENT- H/F,3a3697d38878719b,https://www.indeed.fr/voir-emploi?jk=3a3697d38878719b,organicJob,Ingeniance,Boulogne-Billancourt (92),230
Ingénieure développeuse - Ingénieur développeur analyste Dat...,35ef7ceeb76e3085,https://www.indeed.fr/voir-emploi?jk=35ef7ceeb76e3085,organicJob,Groupe France Telecom SA,Paris (75),231
WEB ANALYST H/F,3088b6647e48d5d7,https://www.indeed.fr/voir-emploi?jk=3088b6647e48d5d7,organicJob,DARTY SIEGE BONDY,Saint-Denis (93),232
Data Analyst,348af800baa01cad,https://www.indeed.fr/voir-emploi?jk=348af800baa01cad,organicJob,Churchill Frank,Paris (75),233
FINANCE IS OPERATIONS ANALYST,6f4d122a51b49488,https://www.indeed.fr/voir-emploi?jk=6f4d122a51b49488,organicJob,ALSTOM,Saint-Ouen (93),234
Campaign manager/Data analyst,8726bd0b448e7777,https://www.indeed.fr/voir-emploi?jk=8726bd0b448e7777,organicJob,IQ Analytics,Paris (75),235
Business Analyst Finance (H/F),bd414368718658c5,https://www.indeed.fr/voir-emploi?jk=bd414368718658c5,organicJob,Groupe Onepoint,Paris (75),236
QA Analyst,db89e1727aac20ac,https://www.indeed.fr/voir-emploi?jk=db89e1727aac20ac,organicJob,Alkemics,Paris (75),237
Alternant(e) Data Analyst- F/H,5ee1263ffae4f0b5,https://www.indeed.fr/voir-emploi?jk=5ee1263ffae4f0b5,organicJob,Disneyland Paris,Marne-la-Vallée (77),238
Business Analyst Marketing [F/H],220bad93ef83e937,https://www.indeed.fr/voir-emploi?jk=220bad93ef83e937,organicJob,LWM,Paris (75),239
Ingénieur Data (H/F),9d1a6e65e02f82ea,https://www.indeed.fr/voir-emploi?jk=9d1a6e65e02f82ea,organicJob,Clémentine International,Paris (75),240
ANALYSTE FINANCEMENT DE L'INNOVATION SPECIALISTE NTIC - PARI...,80b0f9c598ebc330,https://www.indeed.fr/voir-emploi?jk=80b0f9c598ebc330,organicJob,Leyton,Paris (75),241
Junior Business Analyst,56e1e3fc123c8eb9,https://www.indeed.fr/voir-emploi?jk=56e1e3fc123c8eb9,organicJob,AQOA,Paris 18e (75),242
Analyste Product Control F/H,8ba097164a1d696d,https://www.indeed.fr/voir-emploi?jk=8ba097164a1d696d,organicJob,DEXIA CREDIT LOCAL,Paris 1er (75),243
Développeur Data Analyst,54b25c7c1532ce3f,https://www.indeed.fr/voir-emploi?jk=54b25c7c1532ce3f,organicJob,ClicRDV,Issy-les-Moulineaux (92),244
System Administrator/Level 3 support analyst,33b595d46a292239,https://www.indeed.fr/voir-emploi?jk=33b595d46a292239,organicJob,Webellian Poland Sp. z o.o.,Paris (75),245
2 Business Analyst F/H - Alternance,b0d157946e390125,https://www.indeed.fr/voir-emploi?jk=b0d157946e390125,organicJob,BIC,Clichy (92),246
Analyst,8e4303059cc4c6ac,https://www.indeed.fr/voir-emploi?jk=8e4303059cc4c6ac,organicJob,Tishman Speyer,Paris (75),247
ALTERNANCE - Analyste Investissements Junior,2b68156c1e12da58,https://www.indeed.fr/voir-emploi?jk=2b68156c1e12da58,organicJob,GIE AXA,Paris (75),248
EMEA Sales Analyst H/F,a7cbfd22fe721911,https://www.indeed.fr/voir-emploi?jk=a7cbfd22fe721911,organicJob,Ubisoft,Montreuil (93),249
User & Market Research Analyst,c4c26ca668f6c9e3,https://www.indeed.fr/voir-emploi?jk=c4c26ca668f6c9e3,organicJob,Dailymotion,Paris (75),250
"Chef de Projet Stratégie, Data & Nouveaux Usages H/F",6ad8c80171caa611,https://www.indeed.fr/voir-emploi?jk=6ad8c80171caa611,organicJob,JCDecaux FR,Neuilly-sur-Seine (92),251
Analyste Marketing H/F,f8dcf6629b4687dd,https://www.indeed.fr/voir-emploi?jk=f8dcf6629b4687dd,organicJob,Vente Privée,La Plaine-Saint-Denis (93),252
Data Analyste BI / Big Data (H/F),f7f7a4d0725b0484,https://www.indeed.fr/voir-emploi?jk=f7f7a4d0725b0484,organicJob,VENEDIM INFRASTRUCTURES,Boulogne-Billancourt (92),253
Advertising Operations Specialist,05a60f8ebf556d1a,https://www.indeed.fr/voir-emploi?jk=05a60f8ebf556d1a,organicJob,Pretty Simple,Paris (75),254
Analyste Système,bcfe19c21d141d12,https://www.indeed.fr/voir-emploi?jk=bcfe19c21d141d12,organicJob,Bouygues Telecom,Meudon (92),255
Financial Analyst - FP&A,4b10a028f06a534f,https://www.indeed.fr/voir-emploi?jk=4b10a028f06a534f,organicJob,Warner Bros. Entertainment Group,Paris (75),256
CDI - Chargé de Clientèle Digital (H/F),615a654f32a65035,https://www.indeed.fr/voir-emploi?jk=615a654f32a65035,organicJob,Publicis Media,Paris (75),257
"Financial Analyst, EMEA FP&A",e3790497864ed210,https://www.indeed.fr/voir-emploi?jk=e3790497864ed210,organicJob,Carlson Wagonlit Travel,Boulogne-Billancourt (92),258
Short Term Power Analyst (Paris based),7b7f9e31e1b24bf5,https://www.indeed.fr/voir-emploi?jk=7b7f9e31e1b24bf5,organicJob,EDF Trading,Paris (75),259
BI/DATA ANALYST - PARIS,22731df1cd307268,https://www.indeed.fr/voir-emploi?jk=22731df1cd307268,organicJob,Nigel Frank International Limited,Paris (75),260
Reports Migration Analyst H/F,872706e49ae991c8,https://www.indeed.fr/voir-emploi?jk=872706e49ae991c8,organicJob,IBM Interactive,Noisy-le-Grand (93),261
BUSINESS ANALYST F/H,eef82aa399ffa54a,https://www.indeed.fr/voir-emploi?jk=eef82aa399ffa54a,organicJob,CPM France,Issy-les-Moulineaux (92),262
Internship Sales and Finance Analyst,b7a9042d1188a8d5,https://www.indeed.fr/voir-emploi?jk=b7a9042d1188a8d5,organicJob,FastConnect,Bezons (95),263
Analyste Financier Junior Forensic Accounting F/H,7af7cf839388b0f8,https://www.indeed.fr/voir-emploi?jk=7af7cf839388b0f8,organicJob,KRAVEN PARTNERS,Paris 17e (75),264
"Finance, Planning & Analysis Senior Analyst",3cbc2bc1d7e2d825,https://www.indeed.fr/voir-emploi?jk=3cbc2bc1d7e2d825,organicJob,LaFourchette,Paris (75),265
Chargé,232ab328ab064914,https://www.indeed.fr/voir-emploi?jk=232ab328ab064914,organicJob,Se Loger,Paris (75),266
Expert BODI/BODS,5c30af12a8be2f52,https://www.indeed.fr/voir-emploi?jk=5c30af12a8be2f52,organicJob,Sirius Big Data & Analytics,Paris 9e (75),267
Analyste Data – Marketing & Commercial (H/F),28cfaaed9baf32ee,https://www.indeed.fr/voir-emploi?jk=28cfaaed9baf32ee,organicJob,photobox,Paris 10e (75),268
Web Analyste H/F,05fe671b33769261,https://www.indeed.fr/voir-emploi?jk=05fe671b33769261,organicJob,Generali France,Saint-Denis (93),269
Consultant AMOA/business analyst Agile (H/F),dd7d631e9fcf67ea,https://www.indeed.fr/voir-emploi?jk=dd7d631e9fcf67ea,organicJob,Atos,Bezons (95),270
List Officer H/F,5e54e188fec9bf20,https://www.indeed.fr/voir-emploi?jk=5e54e188fec9bf20,organicJob,Center Parcs Europe,Paris (75),271
Front-end Developer,3e3db55141165cc6,https://www.indeed.fr/voir-emploi?jk=3e3db55141165cc6,organicJob,Dataiku,Paris (75),272
Web Analyst - CDD H/F,3bdc317b0b133954,https://www.indeed.fr/voir-emploi?jk=3bdc317b0b133954,organicJob,Groupe UP,Gennevilliers (92),273
Financial Risk Analyst,08671c3685864fe2,https://www.indeed.fr/voir-emploi?jk=08671c3685864fe2,organicJob,AXA : France,Paris (75),274
Reports Migration Analyst F/H,4fae81d49596789a,https://www.indeed.fr/voir-emploi?jk=4fae81d49596789a,organicJob,IBM INTERACTIVE,Noisy-le-Grand (93),275
Chef de projet CRM et Data,59ee006192698784,https://www.indeed.fr/voir-emploi?jk=59ee006192698784,organicJob,Banque/Assurance,Gennevilliers (92),276
Formation en Data Science - MSc & Formation Continue,12ed65966e1db3ca,https://www.indeed.fr/voir-emploi?jk=12ed65966e1db3ca,organicJob,DATA SCIENCETECH INSTITUTE CAMPUS PARIS,Paris (75),277
CHARGE DE RECRUTEMENT H/F,f3488153f2cbc987,https://www.indeed.fr/voir-emploi?jk=f3488153f2cbc987,organicJob,AFG,Paris (75),278
STAGE - International Mobility Operations Assistant,a6a5cafc8de3b020,https://www.indeed.fr/voir-emploi?jk=a6a5cafc8de3b020,organicJob,GIE AXA,Paris (75),279
Chef de projet web,a296d6873ff1917a,https://www.indeed.fr/voir-emploi?jk=a296d6873ff1917a,organicJob,LocalLabs.fr,La Défense (92),280
HR Analytics Specialist,29060c70b9489e78,https://www.indeed.fr/voir-emploi?jk=29060c70b9489e78,organicJob,Criteo,Paris (75),281
Un analyste décisionnel AS400 / Freelance,471d66f6f997d192,https://www.indeed.fr/voir-emploi?jk=471d66f6f997d192,organicJob,Almatek,Paris (75),282
BUSINESS ANALYST MIDDLE OFFICE AVANCÉ - H/F,b6f68d5befe77d66,https://www.indeed.fr/voir-emploi?jk=b6f68d5befe77d66,organicJob,Ingeniance,Boulogne-Billancourt (92),283
Analyste Data Mining (H/F),d56145fd48d03dda,https://www.indeed.fr/voir-emploi?jk=d56145fd48d03dda,organicJob,Progressive Recruitment,Clamart (92),284
Pricing Analyst (H/F),87b3e70e5cacfdf0,https://www.indeed.fr/voir-emploi?jk=87b3e70e5cacfdf0,organicJob,Natixis Intégrée.,Paris (75),285
Analyste Medias H/F,f61a9906565e20cf,https://www.indeed.fr/voir-emploi?jk=f61a9906565e20cf,organicJob,URVIKA,Levallois-Perret (92),286
Analyste Développeur DataStage H/F,1efc835c2df588a8,https://www.indeed.fr/voir-emploi?jk=1efc835c2df588a8,organicJob,Free Services,Paris (75),287
Thomas J. Alexander fellowship,aeb877ad6df616f1,https://www.indeed.fr/voir-emploi?jk=aeb877ad6df616f1,organicJob,OCDE,Paris (75),288
Data Analyst H/F - Leader de la distribution automobile,7ba935c940af5d90,https://www.indeed.fr/voir-emploi?jk=7ba935c940af5d90,organicJob,Michael Page,Villepinte (93),289
"Web Graphiste Stage, H/F",071774a280d9f604,https://www.indeed.fr/voir-emploi?jk=071774a280d9f604,organicJob,BNP Paribas,Paris (75),290
TRAFFIC MANAGER,3d790dcedb9269f5,https://www.indeed.fr/voir-emploi?jk=3d790dcedb9269f5,organicJob,Tradelab,Paris (75),291
Business Analyst H/F,d5b94da26ed9b57d,https://www.indeed.fr/voir-emploi?jk=d5b94da26ed9b57d,organicJob,Sopra Steria,Paris (75),292
Stage finance - Assistant Equity Sales h/f Paris,8d0b2b6be3f52228,https://www.indeed.fr/voir-emploi?jk=8d0b2b6be3f52228,organicJob,Midcap Partners,Paris 8e (75),293
"Alternant Business Analyst, H/F",92a652d8027a06e4,https://www.indeed.fr/voir-emploi?jk=92a652d8027a06e4,organicJob,Hermès,Pantin (93),294
TRADING TEAM LEADER,a83ccc82ecaf5094,https://www.indeed.fr/voir-emploi?jk=a83ccc82ecaf5094,organicJob,Tradelab,Paris (75),295
"World Coordinator, Game Analytics & Tools",d01289d9c42a6105,https://www.indeed.fr/voir-emploi?jk=d01289d9c42a6105,organicJob,Gameloft,Paris (75),296
Marketing Business Analyst Confirmé,02237c1c448b7587,https://www.indeed.fr/voir-emploi?jk=02237c1c448b7587,organicJob,Voyages SNCF,Paris (75),297
Fixed Income Consultant,65e93dfa773687e0,https://www.indeed.fr/voir-emploi?jk=65e93dfa773687e0,organicJob,FactSet Research Systems,Paris 9e (75),298
Fixed Income Consultant,77b68e0d0d88454f,https://www.indeed.fr/voir-emploi?jk=77b68e0d0d88454f,organicJob,FactSet,Paris 9e (75),299
Marketing / Communication H/F,2cb8d8434b0dba31,https://www.indeed.fr/voir-emploi?jk=2cb8d8434b0dba31,organicJob,Capgemini,Paris (75),300
Analyste Quantitatif expérimenté H/F,9c8dbb6ec5c651b9,https://www.indeed.fr/voir-emploi?jk=9c8dbb6ec5c651b9,organicJob,EY,Paris (75),301
Talent Acquisition Consultant - V.I.E,418a4e99a9bf9ed6,https://www.indeed.fr/voir-emploi?jk=418a4e99a9bf9ed6,organicJob,Carlson Wagonlit Travel,Paris (75),302
MICROSOFT SQL SERVER DEVELOPER - H/F,224a037e0c310954,https://www.indeed.fr/voir-emploi?jk=224a037e0c310954,organicJob,Ingeniance,Boulogne-Billancourt (92),303
DATA ANALYST SENIOR H/F,8931f4f018951b1e,https://www.indeed.fr/voir-emploi?jk=8931f4f018951b1e,organicJob,BVA Group,Boulogne-Billancourt (92),304
Business Analyst,f17d616bc6864be1,https://www.indeed.fr/voir-emploi?jk=f17d616bc6864be1,organicJob,Seidor,Paris (75),305
Stage Analyste marché fret pétrolier H/F,37e25243809c2bcf,https://www.indeed.fr/voir-emploi?jk=37e25243809c2bcf,organicJob,"Total E&P USA, Inc.",Courbevoie (92),306
consultant informatique Data Analyst (H/F),0fb15306fc951010,https://www.indeed.fr/voir-emploi?jk=0fb15306fc951010,organicJob,Novagen Conseil,Puteaux (92),307
Business Intern 2017,7543096b4033f16e,https://www.indeed.fr/voir-emploi?jk=7543096b4033f16e,organicJob,Google,Paris (75),308
Analyste voix du client F/H,583082315513abe1,https://www.indeed.fr/voir-emploi?jk=583082315513abe1,organicJob,Orange,Arcueil (94),309
Business Analyst (Paris),bb3128b29ef9251e,https://www.indeed.fr/voir-emploi?jk=bb3128b29ef9251e,organicJob,Bluewolf,Paris (75),310
ANALYSTE PRICING - CDD F/H,acc3b17ff74493d5,https://www.indeed.fr/voir-emploi?jk=acc3b17ff74493d5,organicJob,EUROLINES,Nanterre (92),311
DIGITAL ANALYST JUNIOR,b9df4d2af342f430,https://www.indeed.fr/voir-emploi?jk=b9df4d2af342f430,organicJob,Harnham,Paris (75),312
Analyste risque de crédit (H/F),b006a4f45c06bf3a,https://www.indeed.fr/voir-emploi?jk=b006a4f45c06bf3a,organicJob,GR Management,Paris 8e (75),313
Analyste Digital Media F/H,614ebeaaafaecbbd,https://www.indeed.fr/voir-emploi?jk=614ebeaaafaecbbd,organicJob,EBIQUITY SAS,Neuilly-sur-Seine (92),314
Senior Data Analyst,ce3d2e8eafecc685,https://www.indeed.fr/voir-emploi?jk=ce3d2e8eafecc685,organicJob,Alkemics,Paris (75),315
Business Analyst,c971fdd8a7d6516e,https://www.indeed.fr/voir-emploi?jk=c971fdd8a7d6516e,organicJob,BlaBlaCar,Paris (75),316
World Enterprise Application Technical Director,3f0b6c10fc0d4520,https://www.indeed.fr/voir-emploi?jk=3f0b6c10fc0d4520,organicJob,Gameloft,Paris (75),317
Stage de pré-embauche - Deep Learning et réseau de neurones,1793148b8d64c1ba,https://www.indeed.fr/voir-emploi?jk=1793148b8d64c1ba,organicJob,ERCOM,Vélizy-Villacoublay (78),318
Senior Business Analyst,ac000d01ceb9d37e,https://www.indeed.fr/voir-emploi?jk=ac000d01ceb9d37e,organicJob,Salesforce,Paris (75),319
Stage - Business Analyst Assistant H/F H/F,d854e37b3fee05f9,https://www.indeed.fr/voir-emploi?jk=d854e37b3fee05f9,organicJob,Bacardi-Martini France,Saint-Ouen (93),320
Conception et réalisation de tableau de bord - H/F,2d784c82f6e861bf,https://www.indeed.fr/voir-emploi?jk=2d784c82f6e861bf,organicJob,Enedis,Nanterre (92),321
CRM Manager H/F,73d98a092d9dde63,https://www.indeed.fr/voir-emploi?jk=73d98a092d9dde63,organicJob,Le Lynx,Paris (75),322
Business Analyst Senior H/F,aba9ea38364aa068,https://www.indeed.fr/voir-emploi?jk=aba9ea38364aa068,organicJob,Clémentine International,Paris (75),323
Consultant MDM (cdi chez un leader mondial du conseil) H/F,1b0da589aec54dd2,https://www.indeed.fr/voir-emploi?jk=1b0da589aec54dd2,organicJob,GEC,Paris 17e (75),324
STAGE DATA ANALYST ET GROWTH HACKER (H/F),30bc53c0fe577ee3,https://www.indeed.fr/voir-emploi?jk=30bc53c0fe577ee3,organicJob,La Relève,Paris (75),325
Internship Business Analyst H/F,6a5f8c9bb3537b77,https://www.indeed.fr/voir-emploi?jk=6a5f8c9bb3537b77,organicJob,Misys,Paris (75),326
Senior Data Analyst H/F,6a26555bcd42be92,https://www.indeed.fr/voir-emploi?jk=6a26555bcd42be92,organicJob,AUDIENCE +,Paris (75),327
Alternance Digital Marketing Data Analyst H/F,f40538eb0e515368,https://www.indeed.fr/voir-emploi?jk=f40538eb0e515368,organicJob,General Electric,Buc (78),328
Analyste infrastructure technique H/F,755964f71dae4a57,https://www.indeed.fr/voir-emploi?jk=755964f71dae4a57,organicJob,CNAMTS,Paris (75),329
STAGE - Analyste Risque de Marché Transversal (H/F),ffb98f5bb0a9ca5e,https://www.indeed.fr/voir-emploi?jk=ffb98f5bb0a9ca5e,organicJob,Dexia,Paris (75),330
Technical Consultant,404244d8d14bb9bb,https://www.indeed.fr/voir-emploi?jk=404244d8d14bb9bb,organicJob,ContentSquare,Paris (75),331
"Manager, Business Consulting | Paris",771eb59d34d8beaf,https://www.indeed.fr/voir-emploi?jk=771eb59d34d8beaf,organicJob,SapientNitro,Paris (75),332
"Senior Director, Product Line - Big Data & Analytics",641cc1638fd32fc5,https://www.indeed.fr/voir-emploi?jk=641cc1638fd32fc5,organicJob,Axway,Paris,333
MEDIA TRADER,7eb604b76a693298,https://www.indeed.fr/voir-emploi?jk=7eb604b76a693298,organicJob,Tradelab,Paris (75),334
International Operations Analyst,8ed378a08285ff44,https://www.indeed.fr/voir-emploi?jk=8ed378a08285ff44,organicJob,Pinterest,Paris (75),335
Analyste Financier H/F,cb440f1ef9b3c976,https://www.indeed.fr/voir-emploi?jk=cb440f1ef9b3c976,organicJob,INEXTENSO,Paris (75),336
Product Analytics Manager,989fea4a6d2cdb22,https://www.indeed.fr/voir-emploi?jk=989fea4a6d2cdb22,organicJob,Criteo,Paris (75),337
Analyste SI business intelligence H/F,bb275ed4338bc9e2,https://www.indeed.fr/voir-emploi?jk=bb275ed4338bc9e2,organicJob,Groupe Crédit Agricole,Villejuif (94),338
Engineering Manager - Operations H/F,a48a0c157d5add04,https://www.indeed.fr/voir-emploi?jk=a48a0c157d5add04,organicJob,Capital Management Fund,Paris (75),339
Account Executive (Paris),aff2defeac8282ff,https://www.indeed.fr/voir-emploi?jk=aff2defeac8282ff,organicJob,Gigya,Paris (75),340
Senior Business Process Analyst,58e2a13c684dc187,https://www.indeed.fr/voir-emploi?jk=58e2a13c684dc187,organicJob,Synopsys,Paris (75),341
Web Analyst,acf2062a3227c9ef,https://www.indeed.fr/voir-emploi?jk=acf2062a3227c9ef,organicJob,InterQuest Group,Paris (75),342
Stage Méthodes Industrialisation Bord d'attaque H/F,e8fa23e9ab47dc70,https://www.indeed.fr/voir-emploi?jk=e8fa23e9ab47dc70,organicJob,Safran,Colombes (92),343
Ingénieur spécialiste en collecte et analyse de journaux d’é...,e419009919b07b1a,https://www.indeed.fr/voir-emploi?jk=e419009919b07b1a,organicJob,ANSSI,Paris (75),344
Labor Compliance Program Manager,853ab4eecb916346,https://www.indeed.fr/voir-emploi?jk=853ab4eecb916346,organicJob,Google,Paris (75),345
Stage Analyste marché fret pétrolier H/F,f11152633c29c6aa,https://www.indeed.fr/voir-emploi?jk=f11152633c29c6aa,organicJob,Total,Courbevoie (92),346
Program Manager,5db4d6e3f43e4a73,https://www.indeed.fr/voir-emploi?jk=5db4d6e3f43e4a73,organicJob,Avanade MY,Paris (75),347
Consultant BI / Informatique décisionnelle / Business Analys...,a3078d28e97f8ecb,https://www.indeed.fr/voir-emploi?jk=a3078d28e97f8ecb,organicJob,INVENTIV IT,Paris 8e (75),348
Content and PR Manager H/F,6954e89428478e55,https://www.indeed.fr/voir-emploi?jk=6954e89428478e55,organicJob,Concur,Paris (75),349
Chargé de Web Marketing,008568ec1157c4cc,https://www.indeed.fr/voir-emploi?jk=008568ec1157c4cc,organicJob,LSA Courtage,Boulogne-Billancourt (92),350
Risk Analyst (h/f),18d8856c81b0ee1a,https://www.indeed.fr/voir-emploi?jk=18d8856c81b0ee1a,organicJob,IQ Analytics,Paris (75),351
CRM Manager H/F - CDI - Paris,3f91e835b3c743ab,https://www.indeed.fr/voir-emploi?jk=3f91e835b3c743ab,organicJob,LeLynx.fr,Paris 19e (75),352
Analyst Risk,46dbacf743a033d7,https://www.indeed.fr/voir-emploi?jk=46dbacf743a033d7,organicJob,InterQuest Group,La Défense (92),353
Sr. Consultant Front Office,e0b42d45f996ff41,https://www.indeed.fr/voir-emploi?jk=e0b42d45f996ff41,organicJob,Calypso,Paris (75),354
Sales Executive,8100050f38f42a89,https://www.indeed.fr/voir-emploi?jk=8100050f38f42a89,organicJob,NICE,Paris (75),355
Assistant Revenue Manager,f0dc52de857de868,https://www.indeed.fr/voir-emploi?jk=f0dc52de857de868,organicJob,"Discovery Communications, Inc.",Paris (75),356
Business Developer dans une startup en forte croissance | 40...,bf39ffaed0ae52af,https://www.indeed.fr/voir-emploi?jk=bf39ffaed0ae52af,organicJob,Plateforme Big data & Machine-learning,Paris (75),357
Développeur Big Data Scala - Spark / Freelance,92fa9ccd9d9ab9ad,https://www.indeed.fr/voir-emploi?jk=92fa9ccd9d9ab9ad,organicJob,AGILICIO,Massy (91),358
European Financial Analyst,0fb68658fc3a498d,https://www.indeed.fr/voir-emploi?jk=0fb68658fc3a498d,organicJob,Waters Corporation,Guyancourt (78),359
ASSISTANT (E) CHEF DE PROJET ETUDES MARKETING (H/F),5a0228f05d03cf98,https://www.indeed.fr/voir-emploi?jk=5a0228f05d03cf98,organicJob,Kantar Worldpanel,Chambourcy (78),360
Développeur Front End (H/F),522a87f1e1283ec6,https://www.indeed.fr/voir-emploi?jk=522a87f1e1283ec6,organicJob,Frichti,Neuilly-sur-Seine (92),361
Innovation Business Analyst H/F,27175baeb7d72509,https://www.indeed.fr/voir-emploi?jk=27175baeb7d72509,organicJob,Edgar People,Paris (75),362
CHARGE D’ETUDES PANELS (H/F),98a2b3fd8ad68720,https://www.indeed.fr/voir-emploi?jk=98a2b3fd8ad68720,organicJob,Kantar Worldpanel,Chambourcy (78),363
Consultant (CRM),374db5b74857f8f0,https://www.indeed.fr/voir-emploi?jk=374db5b74857f8f0,organicJob,Veeva Systems,Paris (75),364
Internship: Treasury Optimisation Analyst H/F,27deb6b0bd95d9a3,https://www.indeed.fr/voir-emploi?jk=27deb6b0bd95d9a3,organicJob,Misys,Paris (75),365
Team Lead/ Business Analyst- Informatica MDM- Paris,d2fe2cc88e5d951a,https://www.indeed.fr/voir-emploi?jk=d2fe2cc88e5d951a,organicJob,HiringBees,Paris (75),366
Analytics Manager,872f05339ba2ec27,https://www.indeed.fr/voir-emploi?jk=872f05339ba2ec27,organicJob,IQ Analytics,Paris (75),367
Research Science Senior Analyst,d045ccc906ef47db,https://www.indeed.fr/voir-emploi?jk=d045ccc906ef47db,organicJob,Europe,Paris (75),368
Datalab Administrator F/H,e5cc102a7161b73f,https://www.indeed.fr/voir-emploi?jk=e5cc102a7161b73f,organicJob,OODRIVE,Paris 10e (75),369
STAGE DATA ANALYST (H/F),742354ca13108171,https://www.indeed.fr/voir-emploi?jk=742354ca13108171,organicJob,La Relève,Boulogne-Billancourt (92),370
IT Service Desk Analyst,f43ed13b6a0aac88,https://www.indeed.fr/voir-emploi?jk=f43ed13b6a0aac88,organicJob,Ryder Reid Legal,Paris (75),371
Talent acquisition consultant - Sales,ea4c83d7fcfd8662,https://www.indeed.fr/voir-emploi?jk=ea4c83d7fcfd8662,organicJob,Carlson Wagonlit Travel,Boulogne-Billancourt (92),372
"Total Rewards Consultant, France",e229a38bed7e492d,https://www.indeed.fr/voir-emploi?jk=e229a38bed7e492d,organicJob,Bristol-Myers Squibb,Rueil-Malmaison (92),373
Responsable Analyste Expérience Client H/F,0ee5e817a4cca069,https://www.indeed.fr/voir-emploi?jk=0ee5e817a4cca069,organicJob,Verisure par Securitas Direct,Châtenay-Malabry (92),374
Ingénieur d’Affaires Confirmé (H/F),b476e00df442496f,https://www.indeed.fr/voir-emploi?jk=b476e00df442496f,organicJob,Cirruseo,Paris (75),375
WEB ANALYST,3e3be3b15196e648,https://www.indeed.fr/voir-emploi?jk=3e3be3b15196e648,organicJob,Harnham,Paris (75),376
Intern - Global B&PS Transformation,400dcbff9d28b788,https://www.indeed.fr/voir-emploi?jk=400dcbff9d28b788,organicJob,Atos,Bezons (95),377
Cloud Infrastructure & Platform Sales Executive - French mar...,ae5d0f9100c9f28c,https://www.indeed.fr/voir-emploi?jk=ae5d0f9100c9f28c,organicJob,Oracle,Colombes (92),378
Assistant revenue manager,2954a81024334dff,https://www.indeed.fr/voir-emploi?jk=2954a81024334dff,organicJob,Eurosport,Paris (75),379
Information Security Incident Handler (F/H),5f36314d5807a271,https://www.indeed.fr/voir-emploi?jk=5f36314d5807a271,organicJob,AXA General Insurance,Courbevoie (92),380
Experienced Product Manager – FircoSoft – Paris,162a0e317b40878f,https://www.indeed.fr/voir-emploi?jk=162a0e317b40878f,organicJob,Reed Business Information,Paris (75),381
Alternant Analyste incidents de sécurité (H/F),75f8366a17cbdb81,https://www.indeed.fr/voir-emploi?jk=75f8366a17cbdb81,organicJob,Natixis,Paris (75),382
Financial Risk Manager,71a09ed62a2c54d8,https://www.indeed.fr/voir-emploi?jk=71a09ed62a2c54d8,organicJob,AXA General Insurance,Paris (75),383
Data Analyst,5b9b53c4e98ecd1d,https://www.indeed.fr/voir-emploi?jk=5b9b53c4e98ecd1d,organicJob,Smart AdServer,Paris 9e (75),384
Software Engineer - Relate,3cc2204af848010f,https://www.indeed.fr/voir-emploi?jk=3cc2204af848010f,organicJob,BlaBlaCar,Paris (75),385
Director Consulting Services,980dca1fd558a6ff,https://www.indeed.fr/voir-emploi?jk=980dca1fd558a6ff,organicJob,Carlson Wagonlit Travel,Paris (75),386
Senior Sales Operations Analyst H/F,b8798999608d9b99,https://www.indeed.fr/voir-emploi?jk=b8798999608d9b99,organicJob,Misys,Paris (75),387
DATA&ANALYTICS SPECIALIST,47f7fa171e3b64a4,https://www.indeed.fr/voir-emploi?jk=47f7fa171e3b64a4,organicJob,Harnham,Paris (75),388
Program Manager,1cce2e0981933405,https://www.indeed.fr/voir-emploi?jk=1cce2e0981933405,organicJob,Avanade,Paris (75),389
Alternant(e) Analyste Cyber-Sécurité (H/F),85004905d73a0698,https://www.indeed.fr/voir-emploi?jk=85004905d73a0698,organicJob,ENGIE,Courbevoie (92),390
Consultant Web Analytics – H/F,e0cf90d47b23aefc,https://www.indeed.fr/voir-emploi?jk=e0cf90d47b23aefc,organicJob,Résonéo,Paris 12e (75),391
Senior Enterprise Account Executive France,624f474dd2000608,https://www.indeed.fr/voir-emploi?jk=624f474dd2000608,organicJob,Salesforce,Paris (75),392
Analyste concepteur / conceptrice informatique (H/F),f022526c783830ee,https://www.indeed.fr/voir-emploi?jk=f022526c783830ee,organicJob,,Fontenay-sous-Bois (94),393
Associate Business Analyst - FusionCapital,0ca1e7ba8e77abcf,https://www.indeed.fr/voir-emploi?jk=0ca1e7ba8e77abcf,organicJob,Misys,Paris (75),394
Business Developer - Sales | 40-45K€ + Bonus,8b6a78c1e516fb6c,https://www.indeed.fr/voir-emploi?jk=8b6a78c1e516fb6c,organicJob,Data Recrutement : rejoignez une entreprise en for...,Puteaux (92),395
"Consultant Test Recette Qualification, Analytics",7279195a13f774a4,https://www.indeed.fr/voir-emploi?jk=7279195a13f774a4,organicJob,Avanade,Paris (75),396
Consultant Murex H/F,6cda04a256fa9088,https://www.indeed.fr/voir-emploi?jk=6cda04a256fa9088,organicJob,,Paris (75),397
Merchandise Manager (h/f),c2781d007b6e6314,https://www.indeed.fr/voir-emploi?jk=c2781d007b6e6314,organicJob,H&M,Paris (75),398
Stage Chef de projet e-marketing / Social Media Manager (H/F...,b70608ded7d27418,https://www.indeed.fr/voir-emploi?jk=b70608ded7d27418,organicJob,mister bell,Paris 17e (75),399
"CHARGE D'ETUDES MARKETING (H/F), PUTEAUX",0090a3a950a13635,https://www.indeed.fr/voir-emploi?jk=0090a3a950a13635,organicJob,Adecco France,Puteaux (92),400
"Director, Security",39c6b216069c88ba,https://www.indeed.fr/voir-emploi?jk=39c6b216069c88ba,organicJob,Blizzard Entertainment,Versailles (78),401
BIG DATA MANAGER (H/F),4f8855f2c86f1223,https://www.indeed.fr/voir-emploi?jk=4f8855f2c86f1223,organicJob,HURRYMAN,Paris (75),402
Un(e) Business Analyst CRM H/F,e491303db1a1efb7,https://www.indeed.fr/voir-emploi?jk=e491303db1a1efb7,organicJob,ABIL RESSOURCES,Tremblay-en-France (93),403
Business Analyst Senior,8f512251e192725d,https://www.indeed.fr/voir-emploi?jk=8f512251e192725d,organicJob,Clémentine,Paris (75),404
Assistant(e) Chef de projet RH (H/F)- Suresnes,ee99a9988bcfb03c,https://www.indeed.fr/voir-emploi?jk=ee99a9988bcfb03c,organicJob,Philips / Lumileds,Suresnes (92),405
SENIOR ANALYTICS PRODUCT MANAGER,5ae18481568fcd89,https://www.indeed.fr/voir-emploi?jk=5ae18481568fcd89,organicJob,Harnham,Paris (75),406
Project Manager,2df524a51b4dcce0,https://www.indeed.fr/voir-emploi?jk=2df524a51b4dcce0,organicJob,Fuze,Paris (75),407
Senior Financial Analyst [EN],307bc850de503c9e,https://www.indeed.fr/voir-emploi?jk=307bc850de503c9e,organicJob,SCOR,Paris 16e (75),408
"CHARGE BACK OFFICE CREDIT (H/F), PARIS 09",05256970b4b51212,https://www.indeed.fr/voir-emploi?jk=05256970b4b51212,organicJob,Adecco France,Paris 9e (75),409
Analyste Digital Confirmé H/F,e52393dae75ba8b7,https://www.indeed.fr/voir-emploi?jk=e52393dae75ba8b7,organicJob,IBM Interactive,Paris (75),410
CRM Manager,f2a620f891b40d20,https://www.indeed.fr/voir-emploi?jk=f2a620f891b40d20,organicJob,The Other Store,Paris (75),411
Consultant MARKETING (H/F),dcec37709d176bde,https://www.indeed.fr/voir-emploi?jk=dcec37709d176bde,organicJob,Kantar Worldpanel,Chambourcy (78),412
SIEM Configuration & Management Specialist F/M,03720d119d430d17,https://www.indeed.fr/voir-emploi?jk=03720d119d430d17,organicJob,AXA General Insurance,Courbevoie (92),413
DMP Expert Services Consultant - Oracle Marketing Cloud Fran...,f13471a804e197dd,https://www.indeed.fr/voir-emploi?jk=f13471a804e197dd,organicJob,Oracle,Colombes (92),414
Security Director,48093759f0642a4c,https://www.indeed.fr/voir-emploi?jk=48093759f0642a4c,organicJob,Blizzard Entertainment,Versailles (78),415
EMEA Regional Support Team Leader,919459e27944fefd,https://www.indeed.fr/voir-emploi?jk=919459e27944fefd,organicJob,LexisNexis,Paris (75),416
"CONTROLEUR RISQUES (H/F), PARIS 09",254f448935c9a325,https://www.indeed.fr/voir-emploi?jk=254f448935c9a325,organicJob,Adecco France,Paris 9e (75),417
Analyste MOA pilotage commercial et analytique client H/F,60222cab8f777be5,https://www.indeed.fr/voir-emploi?jk=60222cab8f777be5,organicJob,LCL,Villejuif (94),418
Chef de Projet SI Technologies Digitales H/F,67d3ce3e74367932,https://www.indeed.fr/voir-emploi?jk=67d3ce3e74367932,organicJob,Clémentine International,Paris 7e (75),419
Coordinateur CRM et Fidélisation EMEA H/F,1aaceb3414857b51,https://www.indeed.fr/voir-emploi?jk=1aaceb3414857b51,organicJob,Ubisoft,Montreuil (93),420
Product Marketing Manager,aa8aa215026643a5,https://www.indeed.fr/voir-emploi?jk=aa8aa215026643a5,organicJob,ADP,Nanterre (92),421
webanalyste,6bd06f14ef5ca02b,https://www.indeed.fr/voir-emploi?jk=6bd06f14ef5ca02b,organicJob,IQ Analytics,Paris (75),422
Chef de projets digitaux - H/F,91ce888cad16d150,https://www.indeed.fr/voir-emploi?jk=91ce888cad16d150,organicJob,Micropole,Levallois-Perret (92),423
INGENIEUR SYSTEME BILINGUE CHINOIS PARIS 巴黎市,71bfc190eb97f756,https://www.indeed.fr/voir-emploi?jk=71bfc190eb97f756,organicJob,88 Consulting,Paris (75),424
Analyste Concepteur Java EE H/F,8c342a1d405f7e7f,https://www.indeed.fr/voir-emploi?jk=8c342a1d405f7e7f,organicJob,Atos,Bezons (95),425
STAGE BRAS DROIT (H/F),634ca265fb8776d9,https://www.indeed.fr/voir-emploi?jk=634ca265fb8776d9,organicJob,La Relève,Paris (75),426
Financial Commercial Manager,2e3eda1ce43e9670,https://www.indeed.fr/voir-emploi?jk=2e3eda1ce43e9670,organicJob,Egencia,Courbevoie (92),427
Expert Software Engineer H/F,ca3bb4aa022b0187,https://www.indeed.fr/voir-emploi?jk=ca3bb4aa022b0187,organicJob,Misys,Paris (75),428
Analyste Senior en Transaction Services,88ad8628f7dbec7e,https://www.indeed.fr/voir-emploi?jk=88ad8628f7dbec7e,organicJob,PwC,Neuilly-sur-Seine (92),429
Analyste MOA pilotage commercial et analytique client H/F,8fed5849dfd31247,https://www.indeed.fr/voir-emploi?jk=8fed5849dfd31247,organicJob,Groupe Crédit Agricole,Villejuif (94),430
Manager Etudes Stratégiques et Innovation H/F,6bdc57d52277d8a3,https://www.indeed.fr/voir-emploi?jk=6bdc57d52277d8a3,organicJob,Accenture,Paris (75),431
"ANALYSTE CREDITS (H/F), PARIS 09",595c0192d45fbf55,https://www.indeed.fr/voir-emploi?jk=595c0192d45fbf55,organicJob,Adecco France,Paris 9e (75),432
INGÉNIEUR DE PRODUCTION IDF F/H,8fb248f85d9c5771,https://www.indeed.fr/voir-emploi?jk=8fb248f85d9c5771,organicJob,UMANIS SA,Levallois-Perret (92),433
Media Solutions Manager (H/F),6efa0f10209bce92,https://www.indeed.fr/voir-emploi?jk=6efa0f10209bce92,organicJob,Kantar Worldpanel,Chambourcy (78),434
Strategic Account Manager Professional Services,81d4cf0b6dba2316,https://www.indeed.fr/voir-emploi?jk=81d4cf0b6dba2316,organicJob,Salesforce,Paris (75),435
Développeur Front-End ReactJS – CDI – 540,f23ef7f7debe4599,https://www.indeed.fr/voir-emploi?jk=f23ef7f7debe4599,organicJob,JobProd,Paris (75),436
Strategic Account Manager Utilities & Telecom,3c49d05bd4eba39a,https://www.indeed.fr/voir-emploi?jk=3c49d05bd4eba39a,organicJob,Salesforce,Paris (75),437
EMEA Regional Support Team Leader,d3afee3ff4c50836,https://www.indeed.fr/voir-emploi?jk=d3afee3ff4c50836,organicJob,Reed Business Information,Paris (75),438
Senior UX Designer - FircoSoft - Paris,52cd30c97935af82,https://www.indeed.fr/voir-emploi?jk=52cd30c97935af82,organicJob,LexisNexis,Paris (75),439
Senior Account Manager / Customer Success Manager (Paris),0d5296e3f3612432,https://www.indeed.fr/voir-emploi?jk=0d5296e3f3612432,organicJob,Gigya,Paris (75),440
Strategic Account Manager Insurance,3aa9dfd207118604,https://www.indeed.fr/voir-emploi?jk=3aa9dfd207118604,organicJob,Salesforce,Paris (75),441
Analyste performances et risques - H/F,ff11a8d78ae58ff4,https://www.indeed.fr/voir-emploi?jk=ff11a8d78ae58ff4,organicJob,Fed Finance,La Défense (92),442
Super Manager de Campagnes / Super Campaign manager H/F,a7791f467c7ec84f,https://www.indeed.fr/voir-emploi?jk=a7791f467c7ec84f,organicJob,Aravati,Paris (75),443
Project Manager,f67a6e2b00bff5f2,https://www.indeed.fr/voir-emploi?jk=f67a6e2b00bff5f2,organicJob,Kantar Worldpanel,Chambourcy (78),444
Stagiaire Etudes Data Clients / détection moments de vie des...,e45ce63f71e9936e,https://www.indeed.fr/voir-emploi?jk=e45ce63f71e9936e,organicJob,Carrefour,Massy (91),445
Stagiaire Etudes Data Clients / détection des clients à pote...,5c406cef5407956d,https://www.indeed.fr/voir-emploi?jk=5c406cef5407956d,organicJob,Carrefour,Massy (91),446
Project manager (H/F),db1735e8b368863e,https://www.indeed.fr/voir-emploi?jk=db1735e8b368863e,organicJob,OpenSourcing,Suresnes (92),447
CDI – Consultant Web Analyste Senior (H/F),a7f74f27db65887b,https://www.indeed.fr/voir-emploi?jk=a7f74f27db65887b,organicJob,Netbooster,Paris (75),448
Project Lead,34094089508f8860,https://www.indeed.fr/voir-emploi?jk=34094089508f8860,organicJob,Fifty Five,Paris (75),449
IT SSBI Community Support & Animation - m/f,c05a4e2ad2c15ae5,https://www.indeed.fr/voir-emploi?jk=c05a4e2ad2c15ae5,organicJob,Giaudan,Argenteuil (95),450
IT SSBI Community Support & Animation - m/f,ac7e973eb2d449b8,https://www.indeed.fr/voir-emploi?jk=ac7e973eb2d449b8,organicJob,Givaudan,Argenteuil (95),451
CONSULTANT WEB ANALYTICS,0f7b85dda56ae077,https://www.indeed.fr/voir-emploi?jk=0f7b85dda56ae077,organicJob,Harnham,Paris (75),452
Détection de comportements frauduleux à l’aide de réseaux de...,abe6db3a4fcf3164,https://www.indeed.fr/voir-emploi?jk=abe6db3a4fcf3164,organicJob,Ercom,Paris (75),453
Strategic Account Manager Utilities & Transportation,09026f6e8799ec2f,https://www.indeed.fr/voir-emploi?jk=09026f6e8799ec2f,organicJob,Salesforce,Paris (75),454
"Analytics Center of Excellence – Data Analyst, Business Inte...",763efb9b5890bc54,https://www.indeed.fr/voir-emploi?jk=763efb9b5890bc54,organicJob,Criteo,Paris (75),455
Digital Web Analyst - International,8dd52c65e36bfbea,https://www.indeed.fr/voir-emploi?jk=8dd52c65e36bfbea,organicJob,thetrainline.com,Paris (75),456
Senior Cloud Management Solution Architect - EMEA,181d5445e4fede06,https://www.indeed.fr/voir-emploi?jk=181d5445e4fede06,organicJob,VMware,La Défense (92),457
Senior UX Designer - FircoSoft - Paris,9c3838f0ec36d35a,https://www.indeed.fr/voir-emploi?jk=9c3838f0ec36d35a,organicJob,Reed Business Information,Paris (75),458
Sales Operations Analyst,f905088f72d60f53,https://www.indeed.fr/voir-emploi?jk=f905088f72d60f53,organicJob,Talend,Suresnes (92),459
Strategic Account Manager Manufacturing,7a6b17218a17d063,https://www.indeed.fr/voir-emploi?jk=7a6b17218a17d063,organicJob,Salesforce,Paris (75),460
Directeur Services Datacenter H/F,ea0b9245c1bcefca,https://www.indeed.fr/voir-emploi?jk=ea0b9245c1bcefca,organicJob,Clémentine International,Paris (75),461
Strategic Account Manager Consumer Goods,9f81c1b3262bdffe,https://www.indeed.fr/voir-emploi?jk=9f81c1b3262bdffe,organicJob,Salesforce,Paris (75),462
Strategic Account Manager Public Sector,39290636bb8d1b8c,https://www.indeed.fr/voir-emploi?jk=39290636bb8d1b8c,organicJob,Salesforce,Paris (75),463
Strategic Account Manager Media,d943ce088e1cf111,https://www.indeed.fr/voir-emploi?jk=d943ce088e1cf111,organicJob,Salesforce,Paris (75),464
SIEM Configuration & Development Lead F/M,af73b7f84e055427,https://www.indeed.fr/voir-emploi?jk=af73b7f84e055427,organicJob,AXA General Insurance,Courbevoie (92),465
Exploitation/ Administration / integration UNIX/LINUX- RunOp...,0382f5176eb7b497,https://www.indeed.fr/voir-emploi?jk=0382f5176eb7b497,organicJob,INEAT,Boulogne-Billancourt (92),466
Responsable BUSINESS ANALYSTE ANGLAIS COURANT (H/F),9628589421ec292c,https://www.indeed.fr/voir-emploi?jk=9628589421ec292c,organicJob,Manpower,Roissy-en-France (95),467
Paris - Consultant Data Analyst (HF),2f2a25ad07d29515,https://www.indeed.fr/voir-emploi?jk=2f2a25ad07d29515,organicJob,Eurh-IT Conseil,Puteaux (92),468
Développeur BIG DATA SCALA - SPARK - MASSY,3445bf170adb1399,https://www.indeed.fr/voir-emploi?jk=3445bf170adb1399,organicJob,AGILICIO,Palaiseau (91),469
Analyste d'exploitation / Administrateur Windows (H/F),ee831c5bb130585d,https://www.indeed.fr/voir-emploi?jk=ee831c5bb130585d,organicJob,INEAT,Boulogne-Billancourt (92),470
INTERNATIONAL PROJECT LEADER GERMAN NATIVE,2cabe9a018d8c2cd,https://www.indeed.fr/voir-emploi?jk=2cabe9a018d8c2cd,organicJob,La Relève,Paris (75),471
Senior Account Executive Enterprise Corporate Sales,84009ae1d0b20974,https://www.indeed.fr/voir-emploi?jk=84009ae1d0b20974,organicJob,Salesforce,Paris (75),472
Sales Operations Analyst EMEA (m/f),6f3ce505f0ff6ba0,https://www.indeed.fr/voir-emploi?jk=6f3ce505f0ff6ba0,organicJob,Talend,Suresnes (92),473
Principal Process Analyst,5e1fd310974bb920,https://www.indeed.fr/voir-emploi?jk=5e1fd310974bb920,organicJob,PRA Health Sciences,Paris (75),474
"VP of Marketing, EMEA",d8d081b93e6fe0f8,https://www.indeed.fr/voir-emploi?jk=d8d081b93e6fe0f8,organicJob,PeopleDoc,Paris (75),475
"VP of Marketing, EMEA",665c6538b0a0aee2,https://www.indeed.fr/voir-emploi?jk=665c6538b0a0aee2,organicJob,Novapost,Paris (75),476
Principal Process Analyst,07fc52247e9b1c58,https://www.indeed.fr/voir-emploi?jk=07fc52247e9b1c58,organicJob,PRA International,Paris (75),477
Analyste de Développement BI et DATA H/F Paris,90aceb3fabe52679,https://www.indeed.fr/voir-emploi?jk=90aceb3fabe52679,organicJob,IT-CE,Paris 1er (75),478
"Société Générale, Stage Assistant Chef de Projet informatiqu...",1388a5ee97d3392e,https://www.indeed.fr/voir-emploi?jk=1388a5ee97d3392e,organicJob,SGCIB,Courbevoie (92),479
Stage Consultant Marketing (Business Analyst) - Intégration...,0dd396716b120f9e,https://www.indeed.fr/voir-emploi?jk=0dd396716b120f9e,organicJob,Capgemini,Suresnes (92),480
Gestionnaire de campagnes & Data Analyst | Agence internatio...,15d438eae0e67795,https://www.indeed.fr/voir-emploi?jk=15d438eae0e67795,organicJob,Data Recrutement : rejoignez une entreprise en for...,Paris (75),481
Business Analyst – Innovation & projets Commercial Marketing...,45438bea2a5d2ad2,https://www.indeed.fr/voir-emploi?jk=45438bea2a5d2ad2,organicJob,Air France-KLM,Roissy-en-France (95),482
Analyste Développeur Confirmé Java/JEE H/F,cd12942b1841bb87,https://www.indeed.fr/voir-emploi?jk=cd12942b1841bb87,organicJob,Atos,Bezons (95),483
"TECHNICIEN BACK OFFICE ACTIVITES DE MARCHE (H/F), PARIS 09",a704039cb93d3119,https://www.indeed.fr/voir-emploi?jk=a704039cb93d3119,organicJob,Adecco France,Paris 9e (75),484
SOC Use CaseDeveloper F/M,171e259a7b4f01c5,https://www.indeed.fr/voir-emploi?jk=171e259a7b4f01c5,organicJob,AXA General Insurance,Courbevoie (92),485
EMEA Sales Analyst M/W,2072fb8fd943ad08,https://www.indeed.fr/voir-emploi?jk=2072fb8fd943ad08,organicJob,Ubisoft,Montreuil (93),486
Business Systems Analyst - Data Analyst - Vendor Master,b8fe3ce0f3ac3b7f,https://www.indeed.fr/voir-emploi?jk=b8fe3ce0f3ac3b7f,organicJob,Bio-Rad Inc.,Marnes-la-Coquette (92),487
Business Systems Analyst - Data Analyst - Customer Master,7833849b70dc39d7,https://www.indeed.fr/voir-emploi?jk=7833849b70dc39d7,organicJob,Bio-Rad Inc.,Marnes-la-Coquette (92),488
EMEA Marketing Director,0ebaff6ea15ce544,https://www.indeed.fr/voir-emploi?jk=0ebaff6ea15ce544,organicJob,Ubisoft,Montreuil (93),489
EMEA CRM Lifecycle Specialist M/W,d0c1771ec3993cbe,https://www.indeed.fr/voir-emploi?jk=d0c1771ec3993cbe,organicJob,Ubisoft,Montreuil (93),490
Senior Information Security Risk Analyst - Pars La Défense,3edf7d8ee86c290e,https://www.indeed.fr/voir-emploi?jk=3edf7d8ee86c290e,organicJob,AXA General Insurance,Courbevoie (92),491
Senior Healthcare Data Consultant - T-SENS,15b63e802f25ce1e,https://www.indeed.fr/voir-emploi?jk=15b63e802f25ce1e,organicJob,QuintilesIMS,Boulogne-Billancourt (92),492
"Ecommerce Solutions, Business Analyst M/W",29b08e9c6db12ac0,https://www.indeed.fr/voir-emploi?jk=29b08e9c6db12ac0,organicJob,Ubisoft,Montreuil (93),493
Business Process Analyst - France,8ed6cba1c2e25eb5,https://www.indeed.fr/voir-emploi?jk=8ed6cba1c2e25eb5,organicJob,Uber,Paris (75),494
Analyste Cyber SOC (Cyber Security Operation Center) H/F,83aaa4709472c934,https://www.indeed.fr/voir-emploi?jk=83aaa4709472c934,organicJob,Sogeti France,Issy-les-Moulineaux (92),495
Security Project Manager (French),be5de38bee90ddbc,https://www.indeed.fr/voir-emploi?jk=be5de38bee90ddbc,organicJob,Simstream,Paris 9e (75),496
Stage : Analyste Stratégique pour le marché Sécurité Publiqu...,7a5de2689fe72776,https://www.indeed.fr/voir-emploi?jk=7a5de2689fe72776,organicJob,Nokia,Nozay (91),497
Data Analyst H/F,061507e34825664d,https://www.indeed.fr/voir-emploi?jk=061507e34825664d,organicJob,Canal+,Île-de-France,498
Alternance Business & Data Analyst H/F,05c77e7e57054d06,https://www.indeed.fr/voir-emploi?jk=05c77e7e57054d06,organicJob,Canal+,Île-de-France,499
Data Analyst (H/F),ab9408789344bac3,https://www.indeed.fr/voir-emploi?jk=ab9408789344bac3,organicJob,Digglerz,Île-de-France,500
DATA ANALYST,ce75cffe076ebbc8,https://www.indeed.fr/voir-emploi?jk=ce75cffe076ebbc8,organicJob,Groupe BPCE,Île-de-France,501
Stage Data Analyst DROM/Afrique (H/F) - CANAL+ INTERNATIONAL,4827473e682bf949,https://www.indeed.fr/voir-emploi?jk=4827473e682bf949,organicJob,Canal+,Île-de-France,502
Data Scientist,0489f6b99e983f93,https://www.indeed.fr/voir-emploi?jk=0489f6b99e983f93,organicJob,Alti,Île-de-France,503
"Alternance Client Referential Analyst, H/F",47902c3fafcf15dc,https://www.indeed.fr/voir-emploi?jk=47902c3fafcf15dc,organicJob,BNP Paribas,Île-de-France,504
Data Analyst - Stage H/F,babf83cace4f09f1,https://www.indeed.fr/voir-emploi?jk=babf83cace4f09f1,organicJob,Econocom,Île-de-France,505
Data analyste,30184e2974e821fd,https://www.indeed.fr/voir-emploi?jk=30184e2974e821fd,organicJob,,Île-de-France,506
Analyste résultats (H/F),286374149ab3da1b,https://www.indeed.fr/voir-emploi?jk=286374149ab3da1b,organicJob,Natixis,Île-de-France,507
Apprenti Data Manager,03526bf3f23380ec,https://www.indeed.fr/voir-emploi?jk=03526bf3f23380ec,organicJob,Natixis,Île-de-France,508
Alternance Analyste Reporting Export Finance / Business Mana...,4a6807c8f6f24807,https://www.indeed.fr/voir-emploi?jk=4a6807c8f6f24807,organicJob,BNP Paribas,Île-de-France,509
Apprenti Data Manager,d7730374df6ae625,https://www.indeed.fr/voir-emploi?jk=d7730374df6ae625,organicJob,Groupe BPCE,Île-de-France,510
Alternant analyste développeur BI H/F,a156dedcffdd0812,https://www.indeed.fr/voir-emploi?jk=a156dedcffdd0812,organicJob,Groupe BPCE,Île-de-France,511
Assistant Analyste Credit (H/F),44dc5c0a1e46caf9,https://www.indeed.fr/voir-emploi?jk=44dc5c0a1e46caf9,organicJob,Natixis,Île-de-France,512
Data Engineer - France - International (H/F),a78bf4402e20af11,https://www.indeed.fr/voir-emploi?jk=a78bf4402e20af11,organicJob,Clémentine International,Île-de-France,513
Analyste résultats H/F,8d389133c0b6958b,https://www.indeed.fr/voir-emploi?jk=8d389133c0b6958b,organicJob,Groupe BPCE,Île-de-France,514
Marketing Analyst Apprentice (M/F),af7c7c9c72f84871,https://www.indeed.fr/voir-emploi?jk=af7c7c9c72f84871,organicJob,Faurecia,Île-de-France,515
Pricing Processes Analyst,b308e3191554ab5b,https://www.indeed.fr/voir-emploi?jk=b308e3191554ab5b,organicJob,,Île-de-France,516
Assistant Analyste Credit H/F,a45c135f2444812b,https://www.indeed.fr/voir-emploi?jk=a45c135f2444812b,organicJob,Groupe BPCE,Île-de-France,517
Alternant - Analyste Credit Risk Data Management (H/F),6d188c73ee480a66,https://www.indeed.fr/voir-emploi?jk=6d188c73ee480a66,organicJob,Natixis,Île-de-France,518
Business Analyst SAP (m/f),39e8d78c36666d61,https://www.indeed.fr/voir-emploi?jk=39e8d78c36666d61,organicJob,Faurecia,Île-de-France,519
Business Analyst H/F,9793622398777210,https://www.indeed.fr/voir-emploi?jk=9793622398777210,organicJob,Steria France,Île-de-France,520
Internship « Marketing Planning scientist »,b74e8942dbc206ce,https://www.indeed.fr/voir-emploi?jk=b74e8942dbc206ce,organicJob,Pernod Ricard,Île-de-France,521
Programmeur Statistique / Analyste Statistique,4bd63377492aea7e,https://www.indeed.fr/voir-emploi?jk=4bd63377492aea7e,organicJob,,Île-de-France,522
Analyste de Développement BI et DATA H/F,fc7a1d169127fe17,https://www.indeed.fr/voir-emploi?jk=fc7a1d169127fe17,organicJob,Groupe BPCE,Île-de-France,523
ANALYSTE SYBASE TRANSAC-SQL H/F IDF,0f8eef102d229a77,https://www.indeed.fr/voir-emploi?jk=0f8eef102d229a77,organicJob,Umanis,Île-de-France,524
ANALYSTE EXPERT BO H/F,0edf792b06434b95,https://www.indeed.fr/voir-emploi?jk=0edf792b06434b95,organicJob,Groupe OGMIOS,Île-de-France,525
Consultant Murex H/F,d38f53d30fd3323c,https://www.indeed.fr/voir-emploi?jk=d38f53d30fd3323c,organicJob,Capgemini,Île-de-France,526
Analyste politique et scores d'acceptation H/F,207d90ad51341e41,https://www.indeed.fr/voir-emploi?jk=207d90ad51341e41,organicJob,Crédit Agricole,Île-de-France,527
Chargé d'études transparence - H/F,36e9fadfc9f54dd9,https://www.indeed.fr/voir-emploi?jk=36e9fadfc9f54dd9,organicJob,,Île-de-France,528
ANALYSTE DE DONNÉES DES MÉDIAS SOCIAUX SUR LA CIRCULATION DE...,e17fc14742f99727,https://www.indeed.fr/voir-emploi?jk=e17fc14742f99727,organicJob,La Banque de France,Île-de-France,529
Analyste SI business intelligence H/F,4d2a5d5248e08519,https://www.indeed.fr/voir-emploi?jk=4d2a5d5248e08519,organicJob,Crédit Agricole,Île-de-France,530
Chargé de développement MKG (H/F),488b11559860fa8c,https://www.indeed.fr/voir-emploi?jk=488b11559860fa8c,organicJob,DSC,Île-de-France,531
Analyste de la certification Europe - France (h/f),3dddb4833d0d253e,https://www.indeed.fr/voir-emploi?jk=3dddb4833d0d253e,organicJob,FLO-CERT GmbH,Île-de-France,532
Alternance - Analyste Développeur H/F,fe141623fa2a9afe,https://www.indeed.fr/voir-emploi?jk=fe141623fa2a9afe,organicJob,Groupe BPCE,Île-de-France,533
Ingénieur Sécurité / Freelance,2979b8fd0685bcc7,https://www.indeed.fr/voir-emploi?jk=2979b8fd0685bcc7,organicJob,FREELANCE VISION,Île-de-France,534
Analyste MOA entrepôt de données H/F,08c3910f2bf07e8e,https://www.indeed.fr/voir-emploi?jk=08c3910f2bf07e8e,organicJob,Crédit Agricole,Île-de-France,535
"Alternance pôle Actuariat, Statistiques et Big Data",01639ed61543b8aa,https://www.indeed.fr/voir-emploi?jk=01639ed61543b8aa,organicJob,JLO Emploi,Île-de-France,536
BUSINESS ANALYST FINANCE,3c0628ca056f70a9,https://www.indeed.fr/voir-emploi?jk=3c0628ca056f70a9,organicJob,Umanis,Île-de-France,537
Analyste MOA pilotage commercial et analytique client H/F,8649d469ee663d01,https://www.indeed.fr/voir-emploi?jk=8649d469ee663d01,organicJob,Crédit Agricole,Île-de-France,538
SENIOR IT BUSINESS ANALYST H/F IDF,9e530634c5c3b76f,https://www.indeed.fr/voir-emploi?jk=9e530634c5c3b76f,organicJob,Umanis,Île-de-France,539
