exhibitor_name,exhibitor_url
Pointy Hat Games,http://pointyhat.games/
Iron Crown Enterprises Ltd,http://www.ironcrown.com/
Blind Ferret,http://www.lfg.co/
Space Cowboys,http://www.spacecowboys.fr/pages/home/language:eng
Party People games,http://partypeoplegames.com/
Inlt Gamefolio System,http://www.initgear.com/
Plan B Studio,http://www.planbgames.com/
Pretzel Games,http://www.pretzelgames.com/
Indie Press Revolution,http://www.indiepressrevolution.com/
John Wick Presents,http://johnwickpresents.com/
Exhibit Hall - Art Show,
Exhibit Hall - Training Grounds,
Historical Conquest,http://www.historicalconquest.com/
Restoration Games,http://www.restorationgames.com/
Wanted Earth,http://www.wantedearth.com/
Ukiyo-Pop,http://ukiyopop.com/
ThunderGryph Games,http://www.thundergryph.com/
Sphere Games,http://www.spheregames.ca/
Sizigi Studios,http://sizigistudios.com/
Serious Poulp,http://www.seriouspoulp.com/
Schaff Studio,http://www.schaffstudio.com/
Roxley Game Laboratory,http://roxley.com/
Ravendesk Games,http://www.ravendeskgames.com/
R. Talsorian Games Inc.,http://tasoriangames.wordpress.com/
Quined Games,http://www.quined.com/
Prodos Games LTD,http://www.prodosgames.com/
Pandasaurus Games,http://www.pandasaurusgames.com/
Oink Games,http://oinkgms.com/
Mystic Ape Games,http://mysticape.com/
Massif Games,http://www.massifgames.com/
LongPack Games,http://www.longpackgames.com/
Keymaster Games,http://www.keymastergames.com/
Xaos Publishing,http://xaospublishing.com/
Wonderthing Studios,http://www.wonderthingstudios.com/
Hot Metal Games,http://www.hotmetalgames.com/
Goliath Games,http://www.goliathgames.com/
Games Afoot,http://www.facebook.com/VictorianaTheGame/
Expedition: The Roleplaying Card Game,
Devir,http://www.devir.com/
Deep Madness,http://www.facebook.com/deepmadnessgame
Daily Magic Games,http://www.dailymagicgames.com/
Buy the Rights,http://buytherightsgame.com/
Broken Egg Games,http://www.brokenegggames.com/
Braine Games,http://playalienentity.com/
All Rolled Up,http://www.allrolledup.co.uk/
Monolith Board Games,http://www.monolithedition.com/
Mythic Games,http://us.mythicgames.net/
Bandai,http://www.bandai.co.jp/e/
Cameo Creeps: Tiny Monster Paintings,http://www.cameocreeps.com/
"Conceptopolis, LLC",http://www.conceptopolis.com/
Final War: Tactical Card Game,
Cardboard Dynamo LLC,http://www.gigarobo.com/
One Hit Die,http://www.onehitdie.com/
Galactic Toys,http://galactictoys.com/
B&B Games Studio,http://bnbbizcorp.com/
Great American Gothic,http://greatamericangothic.com/
Game Trayz,http://www.gametrayz.com/
Top Shelf Gamer,http://www.topshelfgamer.com/
Incarnate Games,http://www.incarnategames.com/
Junk Spirit Games,http://www.junkspiritgames.com/
Gamelyn Games,http://www.gamelyngames.com/
Dude Games,http://dudegames.us/
DUST USA,http://dustusa.com/
Pulp Figures,http://www.pulpfigures.com/
Surfin' Meeple,
Arcknight,http://www.arcknight.com/
Green Couch Games,http://www.greencouchgames.com/
Exploding Kittens,http://www.explodingkittens.com/
"Panini America, Inc.",http://www.paniniamerica.net/
Pegasus Spiele,http://www.pegasus.de/
"Fallen Dominion Studios, LLC",http://www.fallendominionstudios.com/
Dized,http://dized.com/
Magical Fashions,http://www.magicalfashions.com/
Tabletop Co-Op,http://www.tabletopcoop.com/
Miniature Market,http://www.miniaturemarket.com/
Catan Studios,http://www.catanstudio.com/
Elderwood Academy,http://www.elderwoodacademy.com/
KR Multicase,http://www.krmulticase.com/
Greenman Designs LLC,http://www.gdesignsinc.com/
Queen Games GmbH,http://www.queen-games.de/
Red Rocket Farm,http://www.redrocketfarm.com/
PescEffects - The Art of Jerry Pesce,http://www.pesceffects.com/
Nauvoo Games,http://www.nauvoogames.com/
Lone Shark Games,http://www.lonesharkgames.com/
Leder Games,http://www.ledergames.com/
Lady Heathers Fashions,http://www.ladyheathersfashions.com/
Hewn,http://www.hewns.com/
Gamewright,http://www.gamewright.com/
Fun to 11,http://www.funto11.com/
Fowers Games,http://www.fowers.net/
Dapper Devil,http://www.dapperdevil.com/
Adventure Scents,http://www.adventurescents.com/
DV Giochi,http://www.dvgiochi.com/
BCW Supplies,http://www.bcwsupplies.com/
Starcalled Studios,http://www.zodiacempires.com/
The WitchBorn,http://www.witchborn.com/
WinGo Industry Limited,http://www.wingogames.com/
End Transmission Games,http://www.endtransmissiongames.com/
Winged Motivation,http://www.etsy.com/shop/WingedMotivation
Volante Design Inc.,http://www.volantedesign.us/
Vesuvius Media,http://www.vesuviusmedia.com/
Van Ryder Games,http://vanrydergames.com/
Summon Entertainment,http://www.summonent.com/
Spellforge Games,http://www.spellforgegames.com/
Steamforged Games Ltd.,http://www.steamforged.com/
Spiel des Jahres,http://www.spiel-des-jahres.com/
Rogue Maille,http://www.roguemaille.com/
RPG coasters,http://rpgcoasters.com/
Role 4 Initiative,http://www.role4initiative.com/
Pirate Lab,http://www.piratelab.com/
Pearl Odyssey,http://www.pearlodyssey.com/
Patterns Optional,http://www.patternsoptional.com/
Morning,http://morning.us/
Mindworm Games,http://www.mindwormgames.com/
Lamentations of the Flame Princess,http://www.lotfp.com/
Laboratory,http://www.laboratory.vg/
KMK Designs,http://www.kmkdesignsllc.com/
Exodus The Trading Card Game,http://www.exodus-cards.com/
Dodeca System Games,http://www.dodecasystem.com/
Delicious Boutique,http://www.deliciousboutique.com/
Capstone Games,http://www.capstone-games.com/
Mage Company,http://www.magecompanygames.com/
Card Caddy,http://narrowshill.com/
Booty and the Geek,http://www.buttday.com/
BoardGamesMaker.com,http://www.boardgamesmaker.com/
Cephalofair Games,http://www.cephalofair.com/
"Bananagrams, Inc.",http://www.bananagrams.com/
Big Potato,http://www.bigpotato.co.uk/
4Ground,http://www.4ground.co.uk/
Dire Wolf Digital,http://www.direwolfdigital.com/
Decision Games,http://www.decisiongames.com/
D3 Go!,http://www.d3go.com/
Armoured Wolf Productions,http://www.etsy.com/shop/armouredwolf
Adam's Apple Games,
Altruistic,http://www.alltru2u.com/
Ulisses-Spiele,http://www.ulisses-spiele.de/
BoardGameTables.com,http://www.boardgametables.com/
White Wizard Games,http://www.whitewizardgames.com/
Studio Woe,http://www.studiowoe.com/
Dragoon,http://www.playdragoon.com/
Kingdom Death,http://www.kingdomdeath.com/
Kingdom Death,http://www.kingdomdeath.com/
Metallic Dice Games,http://www.metallicdicegames.com/
Metallic Dice Games,http://www.metallicdicegames.com/
Oni Press,http://www.onipress.com/
Ninja Division,http://www.ninjadivision.com/
Ravenswood Leather,http://ravenswoodleather.com/
Norse Foundry,http://www.norsefoundry.com/
Pastimes,http://www.pastimes.net/
Skybound,http://www.superfightgame.com/
Osprey Games,http://www.ospreypublishing.com/
Renegade Game Studios,http://www.renegadegames.com/
Ravensburger North America,http://www.ravensburger.com/
Paw-Warrior Games,http://www.paw-warriorgames.com/
Formal Ferret Games,http://www.formalferretgames.com/
Perplext,http://www.perplext.com/
Kosmos,http://www.thamesandkosmos.com/
Grey fox Games,http://www.greyfoxgames.com/
Spartan Games,http://www.spartangames.co.uk/
Odam Publishing,http://www.odampublishing.com/
Timid Monsters,http://www.timidmonsters.com/
"The Dice Tower, LLC",http://www.dicetower.com/
Anvil Eight Games,http://www.anvil-eight.com/
Hrothgar's Hoard,
Indie Game Alliance,http://www.indiegamealliance.com/
Tuesday Knight Games,http://www.tuesdayknightgames.com/
Great Northern Games,http://www.greatnortherngames.com/
Equilibrium U.S.G.,http://www.equnit.com/
Chip Theory Games,http://www.chiptheorygames.com/
AntiMatter Games,http://www.antimatter-games.com/
Meeple Source,http://www.meeplesource.com/
Stonemaier Games,http://www.stonemaiergames.com/
Overworld Games,http://www.overworldgames.com/
Red Raven Games,http://www.redravengames.com/
Studio 6d6,http://www.6d6studio.com/
Diana Stein,http://www.naiadstudios.com/
The Broken Token,http://www.thebrokentoken.com/
Gate Keeper Games,http://www.gatekeepergaming.com/
Inside Up Games,http://insideupgames.com/
Th3rd World Studios,http://www.th3rdworld.com/
Everything Epic,http://www.everythingepic.us/
JBM Press,http://www.jbmpress.com/
Helaman's Warriors,
Force of Will,https://http//fowtcg.com
Universal Horizons,http://www.universalhorizonsgames.com/
Table Titans,http://www.tabletitans.com/
Toynk Toys,http://www.toynk.com/
IDW Games,http://www.idwpublishing.com/
Continuum Games,http://www.continuumgames.com/
Portal Games,http://www.portalgames.pl/
Artana,http://www.artana.com/
Games & Gears,http://www.gamesandgears.co.uk/
Table Forged,http://www.tableforged.com/
Spy Alley,http://www.spyalley.com/
Dryad Tea,http://www.dryadtea.com/
Dog Might,http://www.dogmight.com/
Level Up Studios,http://www.levelupstudios.com/
Peaceable Kingdom,http://www.peaceablekingdom.com/
Art of David Wong,http://www.facebook.com/artofdavidwong
Fernandos Engraving,http://www.fernandosengravings.com/
Mr. B Games,http://www.mrbgames.com/
Step Puzzle,http://www.steppuzzle.ru/
Where the Gods Live,http://www.etsy.com/shop/WhereTheGodsLive
Craft Hackers,http://www.crafthackers.com/
Brotherwise Games,http://www.brotherwisegames.com/
R&R Games,http://www.rnrgames.com/
Tee Turtle,http://www.teeturtle.com/
HABA USA,http://www.habausa.com/
Red Republic Games,http://arenarex.com/
Breaking Games,http://www.admagic.com/
Monte Cook Games,http://www.montecookgames.com/
Alexandra's Adornments,
Griggling Games,http://www.grigglinggames.com/
Zafty Games,http://zaftygames.com/
O Christmas Geek,http://www.ochristmasgeek.com/
My Little Demon,http://www.shamansoulstudios.com/
Wyrmwood,http://www.wyrmwoodgaming.com/
Game Salute,http://www.gamesalute.com/
Game Salute,http://www.gamesalute.com/
SFR Inc.,http://www.sfr-inc.com/
Level Up Dice,http://www.levelupdice.net/
Eternal Games,http://www.eternalgamesllc.com/
Sparks Games,http://www.sparksgames.com/
Campaign Coins,http://www.campaigncoins.com/
G33k & Co.,http://www.g33knco.com/
Offworld Designs,http://www.offworlddesigns.com/
Petersen Games,http://petersengames.com/
Crystal Caste,http://www.crystalcaste.com/
Crystal Caste,http://www.crystalcaste.com/
Crystal Caste,http://www.crystalcaste.com/
Harebrained Schemes,http://www.harebrained-schemes.com/
Devious Weasel Games,http://www.deviousweasel.com/
S2 Adventures,http://www.s2adventures.com/
ArmorClass10.com,http://www.armorclass10.com/
Kids Table Board Gaming,http://kidstablebg.com/
Grand Gamers Guild,http://grandgamersguild.com/
Greenbrier Games,http://www.greenbriergames.com/
Con*Quest Journals,http://www.onelessnemesis.com/
Passport Game Studios,http://www.passportgamestudios.com/
Modiphius Entertainment,http://www.modiphius.com/
The Midsummer Knight's Dream,
Mesa Mundi,http://www.mesamundi.com/
Max Protection,http://www.maxprotection.net/
Level 99 Games,http://www.lvl99games.com/
Academy Games,http://www.academygames.com/
Japanime,http://www.japanimegames.com/
GradedPower,http://www.gradedpower.com/
HotSauceGames,http://www.hotsaucegames.com/
Hawk Wargames,http://www.hawkwargames.com/
Goodman Games,http://www.goodman-games.com/
Golden Egg Games,http://www.goldenegggames.com/
GCT Studios,http://www.bushido-thegame.com/
Gamescience,http://www.gamesciencedice.com/
Gamescience,http://www.gamesciencedice.com/
Fez-o-rama,http://www.fez-o-rama.com/
Devil's Panties LLC,
CritSuccess,http://www.critsuccess.com/
Columbia Games,http://www.columbiagames.com/
Collapsible Construction,http://www.facebook.com/CollapsibleConstruction
Cheapass Games,http://cheapass.com/
Bezier Games,http://www.beziergames.com/
Badger Air-Brush Co.,http://www.badgerairbrush.com/
Badali Jewelry,http://www.badalijewelry.com/
Jason Engle,http://www.jaestudio.com/
Steve Argyle,http://www.steveargyle.com/
Albino Dragon,http://www.albinodragon.com/
Worldbuilders,http://www.worldbuilders.org/
Shadows on the Wall Autograph,
Fate of the Norns,http://www.fateofthenorns.com/
Bushiroad,http://www.cf-vanguard.com/en/
IELLO,http://www.iellogames.com/
Zombie Orpheus Entertainment,http://www.zombieorpheus.com/
Wattsalpoag,http://www.wattsalpoag.com/
Set Enterprises Inc.,http://www.setgames.com/
Upper Deck,http://www.upperdeck.com/
Sirlin Games,http://www.sirlingames.com/
ForgeWorld,http://www.games-workshop.com/gws/
Indie Game Developer Network,http://www.igdnonline.com/
DGS Games,http://www.dgsgames.com/
Corvus Belli Infinity,http://www.infinitythegame.com/
"Warsenal, L.L.C.",http://www.warsen.al/
Stronghold Games,http://www.strongholdgames.com/
World in Chains Chainmaille,http://www.etsy.com/shop/worldinchainsmaille
Rather Dashing Games,http://www.ratherdashinggames.com/
AnimeStuffStore.com,http://www.animestuffstore.com/
Mythical Eras of War Games LLC,http://www.mythicalerasofwargames.com/
Pink Bunny Games,http://www.pinkbunnygames.com/
FoxMind,http://www.foxmind.com/
TCGplayer.com,http://www.tcgplayer.com/
Ares Games,http://www.aresgames.eu/
Gifts and Blessings,http://www.giftsandblessings.com/
Legendary Realms Terrain,http://www.lrterrain.com/
Mayday Games,http://www.maydaygames.com/
Abbots Hollow Studios,http://www.etsy.com/shop/AbbotsHollowStudios
BoardGameGeek,http://boardgamegeek.com/
"ION Scanner, by Quiett Speculation",http://www.quietspeculation.com/ion
Floodgate Games,http://www.floodgategames.com/
Eschaton Media,http://www.eschatonmedia.com/
Alter Reality Games,http://www.alterealitygames.com/
Ludo Fact,http://www.ludofact.de/
Artists of Magic,http://www.action-sports.com/
Spiral Moon,
Indie Boards and Cards,http://www.indieboardsandcards.com/
Action Phase Games,http://www.actionphasegames.com/
Arcane Wonders,http://www.arcanewonders.com/
Sylvan Creations,http://www.sylvancreations.com/
USAopoly,http://www.usaopoly.com/
Hsiaolien (Lillian) Manglicmot,http://www.facebook.com/Qmomo-209359242498358/
Gorilla Games,http://www.gorillaboardgames.com/
New World Mugs,http://www.facebook.com/New-World-Mugs-131915803531628/
Looney Labs,http://www.looneylabs.com/
Mr Nice Guy Games,http://www.mrniceguygames.com/
The Leather Lair,http://www.theleatherlair.com/
CrystalCommerce,http://www.crystalcommerce.com/
Hi De Ho Magic,http://hidehomagic.com/
Bricks & Boards,http://www.facebook.com/pages/Bricks-Boards-LLC/272913412834293
Blue Orange Games,http://www.blueorangegames.com/
Nocturnal Media,http://www.nocturnal-media.com/
Onyx Path Publishing,http://www.theonyxpath.com/
White Wolf,http://www.white-wolf.com/
Inkwell Ideas Inc.,http://www.inkwellideas.com/
Jasco Games,http://www.jascogames.com/
Sea Dog Game Studios,http://www.blog.sailpowergame.com/
We Have Issues! Publishing,http://www.zynvaded.com/
Reliquary Game Studios LLC,http://www.reliquarygamestudios.com/
Posthuman Studios,http://www.posthumanstudios.com/
Wildfire LLC,http://www.wildfirellc.com/
Green Ronin Publishing,http://www.greenronin.com/
Tasty Minstrel Games,http://www.playtmg.com/
STL Ocarina,http://www.stlocarina.com/
Palladium Books,http://www.palladiumbooks.com/
Medieval Collectibles,http://www.medievalcollectibles.com/
Greater Than Games,http://www.greaterthangames.com/
Gamechurch,http://www.gamechurch.com/
Spin Master Inc,http://www.spinmaster.com/
Crimson Chain Leather Works,http://www.facebook.com/crimsonchainleatherworks
Magic Stronghold Games,http://www.magicstronghold.com/
Kommando Kilts,http://www.kommandokilts.com/
Tommy Castillo,http://www.tommycastillo.net/
Z-Man Games,http://www.zmangames.com/
Wyrd Miniatures,http://www.wyrd-games.net/
Hills Wholesale Gaming,http://www.wholesalegaming.com/
The Wizard Wagon,http://www.thewizardswagon.com/
Winning Moves Games,http://www.winning-moves.com/
Who North America,http://www.whona.com/
Utilikilts,http://www.utilikilts.com/
Unique Unicorns,
Twilight Creations,http://www.twilightcreationsinc.com/
Archon Games,http://www.travestygames.com/
Tomas the Lapidary's Jewelry,
Timeless Trends,http://www.timeless-trends.com/
Thompson Productions,http://www.facebook.com/pages/Thompson-Productions-LLC/477186595081
TheWarStore.Com,http://www.thewarstore.com/
Howard Tayler - Jim Zub,http://www.schlockmercenary.com/
Steve Jackson Games,http://www.sjgames.com/
Starwind Design,http://www.starwind.net/
Spartacus Publishing,http://www.spartacuspublishing.com/
Smirk and Dagger Games,http://www.smirkanddagger.com/
SlugFest Games,http://www.slugfestgames.com/
Silver Leaf Costumes,http://www.etsy.com/shop/SilverLeafCostumes
Scarlett's Corset,
Red Roo Art,http://www.redrooart.com/
Dragon Pets,http://www.mydragonpets.com/
Bard and Broad,http://bardandbroad.com/
Q-Workshop,http://www.q-workshop.com/
Q-Workshop,http://www.q-workshop.com/
Pelgrane Press,http://site.pelgranepress.com/
Profantasy Software Ltd,http://www.profantasy.com/
Privateer Press,http://www.privateerpress.com/
Privateer Press,http://www.privateerpress.com/
Privateer Press,http://www.privateerpress.com/
Plaid Hat Games,http://www.plaidhatgames.com/
Pens and More,http://www.facebook.com/pages/Pens-and-More/229326397088784
Pendragon Costumes,http://www.pendragoncostumes.com/
Pegasus Publishing,http://www.pegasuspublishing.com/
Pawstar,http://pawstar.com/
Pinnacle Entertainment,http://peginc.com/
Kyoudai Game,http://www.kyoudaigames.com/
FASA Games,http://fasagames.com/
DreamScarred Press,http://dreamscarredpress.com/
Studio 2 Publishing,http://www.studio2publishing.com/
Exile Game Studio,http://exilegames.com/
Shadows of Esteren,
Hunters Books,http://outbreakundead.com/
Crafty Games,http://crafty-games.com/
Paradigm Concepts,http://paradigmconcepts.com/
Outrider Studios,http://www.outriderstudios.com/
On The Lamb Games,http://www.on-the-lamb.com/
North Star Games,http://www.northstargames.com/
North Star Games,http://www.northstargames.com/
Nene Thomas,http://www.nenethomas.com/
Myndzei Games LLC,http://www.facebook.com/pg/MYNDzeiGames/
Monte M. Moore,http://www.mavarts.com/
Miniature Building Authority,http://www.miniaturebuildingauthority.com/
Midnight Syndicate Soundtracks,http://www.midnightsyndicate.com/
McFarland,http://www.mcfarlandpub.com/
Mayfair Games Inc.,http://www.mayfairgames.com/
Mayfair Games Inc.,http://www.mayfairgames.com/
Mayfair Games Inc.,http://www.mayfairgames.com/
Mattel Games,http://play.mattel.com/
Margaret Weis Productions,http://www.margaretweis.com/
Mantic Entertainment,http://www.manticgames.com/
Magic Minis and More,http://www.stores.ebay.com/Magic-Minis-and-More
Syrinscape RPG Sound,http://www.syrinscape.com/
Lone Wolf Development,http://www.wolflair.com/
Legion Supplies,http://www.legionsupplies.com/
Koplow Games,http://www.koplowgames.com/
Shark Robot LLC,http://www.sharkrobot.com/
Kenzer and Company,http://www.kenzerco.com/
Impact! Miniatures,http://www.impactminiatures.com/
Honeck Sculpture,http://www.honecksculptures.com/
"Hirst Arts Fantasy Architecture, Inc.",http://www.hirstarts.com/
Hammerdog Games,http://www.hammerdog.com/
Half Price Books,http://www.hpb.com/
Gut Bustin' Games,
Got Kilt,http://www.got-kilt.com/
Glitch Gaming Apparel,http://www.glitchgear.com/
Stone Blade Entertainment,http://www.stoneblade.com/
Ultra Pro,http://www.ultrapro.com/
GamingEtc,http://www.gamingetc.com/
Gamewick Games,http://www.gamewick.com/
Games Plus,http://www.games-plus.com/
Gamer Concepts,http://www.gamerconcepts.com/
Game Trade Magazine,http://www.gametrademagazine.com/
The Bits Guy,http://www.toledogameroom.com/
Game Crafter,http://www.thegamecrafter.com/
Gale Force Nine,http://www.gf9.com/
Flying Frog Productions,http://www.flyingfrog.net/
Flying Buffalo,http://www.flyingbuffalo.com/
The Five Wits,http://www.thefivewits.net/
Fireside Games,http://www.firesidegames.com/
Laser Craft Workshop,http://www.mythicmtg.com/
Fantasy Flight Games,http://www.fantasyflightgames.com/
Fantasy Flight Games,http://www.fantasyflightgames.com/
Fantasy Flight Games,http://www.fantasyflightgames.com/
Fantasy Flight Games,http://www.fantasyflightgames.com/
The ENnie Awards,http://www.ennie-awards.com/
Elmore Productions,http://www.larryelmore.com/
Forged Form,http://www.forgedfoam.com/
Dwarven Forge,http://www.dwarvenforge.com/
Dream Pod 9,http://www.dp9.com/
Dragonsong Forge,http://www.dragonsongforge.com/
Dave & Adam's Card World,
Cubicle 7 Entertainment,http://www.cubicle7.co.uk/
Prolific Games,http://www.prolificgames.net/
Adventure Retail,http://www.atlas-games.com/
Cthulhiana Corner,
Atlas Games,http://blog.atlas-games.com/
Weta Workshop,http://wetaworkshop.com/
Cryptozoic Entertainment,http://www.cryptozoic.com/
Weta Workshop,http://wetaworkshop.com/
Cryptozoic Entertainment,http://www.cryptozoic.com/
Cosplay Deviants,http://www.cosplaydeviants.com/
CoolStuffInc.com,http://www.coolstuffinc.com/
Quick Simple Fun Games,http://www.quicksimplefun.com/
CoolStuffInc.com,http://www.coolstuffinc.com/
Quick Simple Fun Games,http://www.quicksimplefun.com/
CoolStuffInc.com,http://www.coolstuffinc.com/
Quick Simple Fun Games,http://www.quicksimplefun.com/
CMON,http://www.coolminiornot.com/
CMON,http://www.coolminiornot.com/
Calliope Games,http://www.calliopegames.com/
Collector's Cache,
Christopher West's Maps of Mastery,
Gaming Paper,http://www.gamingpaper.com/
Chimera Hobby Shop,http://www.chimerahobby.com/
Chessex,http://chessex.com/
Chessex,http://chessex.com/
Chessex,http://chessex.com/
Echo Chernik,http://www.echochernik.com/
Chaosium,http://www.chaosium.com/
Catalyst Game Labs,http://www.catalystgamelabs.com/
Catalyst Game Labs,http://www.catalystgamelabs.com/
Cartoon Passion,
Cardhaus Games,http://www.cardhaus.com/
C and C Games,
Dungeon World,http://www.dungeon-world.com/
Burning Wheel,http://www.burningwheel.com/
Blood & Cardstock Games,http://www.blood-and-cardstock.com/
The Blonde Swan,http://etsy.com/shop/TheBlondeSwan
Geek Chic Furniture & Blonde Swan Hats,http://www.geekchichq.com/
Battle Foam,http://www.battlefoam.com/
Days of Wonder,http://www.asmodee.com/
Days of Wonder,http://www.asmodee.com/
Days of Wonder,http://www.asmodee.com/
Days of Wonder,http://www.asmodee.com/
Asmadi Games LLC,http://www.asmadigames.com/
Foam Brain Games,http://www.foambrain.com/
Nigel Sade and Sarah Wilkinson Fine Art,http://www.nigelsade.com/
Arcane Tinmen,http://www.thespoils.com/
Arc Dream Publishing,http://www.arcdream.com/
Pagan Publishing,http://www.tccorp.com/
Aradani Studios,http://www.aradani.com/
APE Games,http://www.apegames.com/
Mindclash Games,http://mindclashgames.com/
Anime Palace,http://www.theanimepalace.com/
Tokyosky,
Anime Depot,http://www.animedepot.com/
Alderac Entertainment Group,http://www.alderac.com/
Alderac Entertainment Group,http://www.alderac.com/
Paizo Inc,http://www.paizo.com/
Black Book Editions,http://www.facebook.com/BlackBookEditionsUS/
Paizo Inc,http://www.paizo.com/
Black Book Editions,http://www.facebook.com/BlackBookEditionsUS/
WizKids,http://www.wizkidsgames.com/
Entrepreneur's Avenue,
Family Fun Pavilion,
Rocket Pig Games,http://www.rocketpiggames.com/
Gold Baby Games,
Resonym LLC,http://resonym.com/
Gigamic,http://en.gigamic.com/
Exhibitor Services Area,
Pinnacle Entertainment,http://peginc.com/
Kyoudai Game,http://www.kyoudaigames.com/
FASA Games,http://fasagames.com/
DreamScarred Press,http://dreamscarredpress.com/
Studio 2 Publishing,http://www.studio2publishing.com/
Exile Game Studio,http://exilegames.com/
Shadows of Esteren,
Hunters Books,http://outbreakundead.com/
Crafty Games,http://crafty-games.com/
Paradigm Concepts,http://paradigmconcepts.com/
Iron Wind Metals,http://www.ironwindmetals.com/
